Periodo,Categoria,Comuna,Propuesta,Votos,lat,lng,color
2017,Plazas y parques,Comuna 1,Seguridad y salud,153,-34.6132,-58.3779,#85E45D
2017,Ferias y Mercados,Comuna 1,Creaci?n mercado central en retiro,217,-34.5902,-58.3729,#9573D9
2017,Movilidad y transito,Comuna 1,Seguridad peatonal y vehicular en cruce av san juan y av nueve de julio,307,-34.622,-58.381,#86A0DB
2017,Deportes y calidad de vida,Comuna 1,Yoga en los parques,263,-34.6009,-58.3845,#9DDBDF
2017,Ferias y Mercados,Comuna 1,Horario de las ferias,148,-34.616,-58.3732,#9573D9
2017,Arte urbano,Comuna 1,Mural en chacabuco al 800,93,-34.6174,-58.3732,BB45E0
2017,Movilidad y transito,Comuna 1,Lugares para dejar la bicicleta,207,-34.6143,-58.3773,#86A0DB
2017,Plazas y parques,Comuna 1,Iluminacion para la plazoleta de monserrat,140,-34.6196,-58.3975,#85E45D
2017,Plazas y parques,Comuna 1,Equipamiento de gimnasia reserva costanera sur,157,-34.6083,-58.3542,#85E45D
2017,Movilidad y transito,Comuna 1,Se?alizacion electronica paradas de colectivos,368,-34.6163,-58.3793,#86A0DB
2017,Innovacion,Comuna 1,Wifi en la plaza dos congresos,184,-34.6098,-58.3892,#DAB6CB
2017,Cultura,Comuna 1,Lezama cultural,172,-34.6266,-58.3705,#87E2A8
2017,Ferias y Mercados,Comuna 1,Ferias para consumo en congreso,159,-34.6099,-58.3914,#9573D9
2017,Reciclado,Comuna 1,Mas puntos de Reciclado,248,-34.6086,-58.3821,#7B9787
2017,Deportes y calidad de vida,Comuna 1,Campa?a voluntaria,107,-34.6086,-58.3749,#9DDBDF
2017,Ferias y Mercados,Comuna 1,Feria de organicos en retiro,185,-34.5903,-58.372,#9573D9
2017,Movilidad y transito,Comuna 1,Arreglo de ve#E06658as,194,-34.6159,-58.383,#86A0DB
2017,Movilidad y transito,Comuna 1,Mayor cantidad de puntos de ecobicis,178,-34.6093,-58.3803,#86A0DB
2017,Innovacion,Comuna 1,Wifi,282,-34.6038,-58.3825,#DAB6CB
2017,Reciclado,Comuna 1,Limpieza semanal a los contenedores,391,-34.6238,-58.4956,#7B9787
2017,Deportes y calidad de vida,Comuna 1,Clases deportivas voluntarias,247,-34.6004,-58.3853,#9DDBDF
2017,Arte urbano,Comuna 1,Proyecto persiana,220,-34.6103,-58.3773,BB45E0
2018,Plazas y parques,Comuna 1,Plaza Constitucion mas activa,234,-34.6258,-58.3816,#85E45D
2018,Movilidad y transito,Comuna 1,Arreglo de ve#E06658a en Bartolome Mitre al 1500,118,-34.6078,-58.3878,#86A0DB
2018,Plazas y parques,Comuna 1,Plaza para ni?os! No para perros,124,-34.591,-58.3826,#85E45D
2018,Seguridad,Comuna 1,Mas Seguridad  en el barrio de constitucion,238,-34.625,-58.3852,#E06658
2018,Movilidad y transito,Comuna 1,Puesta en valor de la zona teatro san martin,167,-34.6043,-58.3887,#86A0DB
2018,Plazas y parques,Comuna 1,Remodelacion Plazoleta Juan Carlos Castagnino,106,-34.6243,-58.3729,#85E45D
2018,Seguridad,Comuna 1,Mas Seguridad en constitucion!,262,-34.6261,-58.3819,#E06658
2018,Movilidad y transito,Comuna 1,arreglo de ve#E06658as,173,-34.6042,-58.3891,#86A0DB
2018,Seguridad,Comuna 1,Camaras de Seguridad en Microcentro,305,-34.5995,-58.3753,#E06658
2018,Seguridad,Comuna 1,camaras de Seguridad,241,-34.6023,-58.3761,#E06658
2018,Movilidad y transito,Comuna 1,Arreglo de ve#E06658as,109,-34.6103,-58.3753,#86A0DB
2018,Movilidad y transito,Comuna 1,Control de taxis en la estacion retiro,184,-34.5908,-58.374,#86A0DB
2018,Seguridad,Comuna 1,Camaras de Seguridad e iluminacion en San Telmo,333,-34.6208,-58.3732,#E06658
2018,Movilidad y transito,Comuna 1,Arreglo de ve#E06658as en Esmeralda y Santa Fe,76,-34.5951,-58.3786,#86A0DB
2018,Movilidad y transito,Comuna 1,Zona teatro San Martin,72,-34.6042,-58.3882,#86A0DB
2018,Seguridad,Comuna 1,camaras de Seguridad,192,-34.6085,-58.3811,#E06658
2018,Seguridad,Comuna 1,Seguridad,209,-34.6086,-58.3739,#E06658
2018,Seguridad,Comuna 1,Camaras de Seguridad,201,-34.6096,-58.387,#E06658
2018,Movilidad y transito,Comuna 1,ve#E06658as,88,-34.6081,-58.3765,#86A0DB
2018,Seguridad,Comuna 1,Camaras de Seguridad en Constitucion,229,-34.625,-58.3864,#E06658
2018,Movilidad y transito,Comuna 1,Mas Seguridad,262,-34.6222,-58.374,#86A0DB
2018,Seguridad,Comuna 1,Camaras de Seguridad,179,-34.6208,-58.3714,#E06658
2018,Seguridad,Comuna 1,camaars de Seguridad en el barrio de Constitucion,176,-34.6236,-58.3849,#E06658
2018,Seguridad,Comuna 1,Camaras de Seguridad en Montserrat,278,-34.613,-58.3775,#E06658
2018,Arte urbano,Comuna 1,Murales en la Plaza Monserrat,130,-34.6077,-58.3785,BB45E0
2018,Seguridad,Comuna 1,Seguridad,209,-34.6197,-58.3686,#E06658
2018,Movilidad y transito,Comuna 1,Mantenimiento de rampa en Solis y Belgrano,103,-34.6138,-58.3903,#86A0DB
2018,Movilidad y transito,Comuna 1,Semaforo para ciegos en la Estacion Constitucion,245,-34.6296,-58.3807,#86A0DB
2019,Movilidad y transito,Comuna 1,iluminacion en av san juan y 9 de julio y al#E06658edores,131,-34.6223,-58.3809,#86A0DB
2019,Seguridad,Comuna 1,Seguridad Constante barrio de constitucion,169,-34.625,-58.3822,#E06658
2019,Seguridad,Comuna 1,Seguridad,134,-34.6174,-58.3731,#E06658
2019,Plazas y parques,Comuna 1,iluminar la plaza congreso,106,-34.6097,-58.3903,#85E45D
2019,Innovacion,Comuna 1,Cargadores para celular,153,-34.6092,-58.381,#DAB6CB
2019,Seguridad,Comuna 1,Camaras de Seguridad en comuna 1,182,-34.6132,-58.3818,#E06658
2017,Plazas y parques,Comuna 10,Plantacion de arboles,230,-34.6182,-58.4978,#85E45D
2017,Movilidad y transito,Comuna 10,Se?alizacion electronica paradas de colectivos,379,-34.6251,-58.4941,#86A0DB
2017,Movilidad y transito,Comuna 10,Bicicendas en la comuna 10,164,-34.6199,-58.5061,#86A0DB
2017,Plazas y parques,Comuna 10,Iluminacion en plaza san pedro,166,-34.6262,-58.5083,#85E45D
2017,Mascotas,Comuna 10,Dispenser de eco bolsas para mascotas,254,-34.626,-58.5084,#D6D45C
2017,Plazas y parques,Comuna 10,Mas iluminacion en la plaza dr juan b teran,199,-34.6205,-58.5194,#85E45D
2017,Reciclado,Comuna 10,Contenedor es de Reciclados,194,-34.6212,-58.4985,#7B9787
2017,Deportes y calidad de vida,Comuna 10,Actividades en plazas y parques,363,-34.6184,-58.4974,#9DDBDF
2017,Movilidad y transito,Comuna 10,Semaforo en bruselas y simbron,230,-34.6213,-58.5275,#86A0DB
2017,Deportes y calidad de vida,Comuna 10,Campa?a voluntaria,207,-34.6177,-58.5055,#9DDBDF
2017,Innovacion,Comuna 10,Torre de wifi en pza velez sarsfield,180,-34.63,-58.483,#DAB6CB
2017,Ferias y Mercados,Comuna 10,Productos organicos,196,-34.6245,-58.5037,#9573D9
2017,Plazas y parques,Comuna 10,Luminarias en pza velez sarsfield,191,-34.63,-58.4829,#85E45D
2017,Movilidad y transito,Comuna 10,Reordenamien to vehicular,274,-34.6186,-58.50011796,#86A0DB
2018,Arte urbano,Comuna 10,Mural decorativo,151,-34.6318,-58.4834,BB45E0
2018,Plazas y parques,Comuna 10,Plaza en Bacacay y Bermudez,106,-34.6344,-58.4942,#85E45D
2018,Cultura,Comuna 10,Conocer a que se debe el nombre de las calles y avenidas,174,-34.6235,-58.4968,#87E2A8
2018,Seguridad,Comuna 10,Seguridad,414,-34.6233,-58.5044,#E06658
2018,Movilidad y transito,Comuna 10,Arreglar ve#E06658as,233,-34.6234,-58.5105,#86A0DB
2018,Seguridad,Comuna 10,Camaras de Seguridad en Monte Castro,325,-34.6183,-58.5057,#E06658
2018,Mascotas,Comuna 10,Canil recreativo para mascotas,102,-34.6185,-58.4975,#D6D45C
2018,Plazas y parques,Comuna 10,mesas y caniles parque Ejercito de los Andes,103,-34.6395,-58.5092,#85E45D
2018,Seguridad,Comuna 10,Seguridad en Velez Sarsfield  Sarachaga y Belen,266,-34.6311,-58.4894,#E06658
2018,Seguridad,Comuna 10,Camaras de Seguridad,277,-34.63,-58.5025,#E06658
2018,Movilidad y transito,Comuna 10,Colocar una senda peatonal en Arregui y Bermudez,175,-34.6196,-58.5094,#86A0DB
2018,Seguridad,Comuna 10,camaras de Seguridad  Avenida Segurola,322,-34.6189,-58.5013,#E06658
2018,Mascotas,Comuna 10,Carteles para los due?os de mascotas se??alizar la Plaza Velez Sarfield,114,-34.6301,-58.4829,#D6D45C
2018,Seguridad,Comuna 10,camaras de Seguridad,186,-34.6212,-58.49712,#E06658
2018,Seguridad,Comuna 10,CAMARAS DE Seguridad,380,-34.6183,-58.5057,#E06658
2018,Movilidad y transito,Comuna 10,Refugio de parada de colectivos en Bermudez y Arregui,130,-34.6195,-58.5095,#86A0DB
2018,Seguridad,Comuna 10,CAMARAS DE Seguridad alles Ramon Falcon y Rafaela,219,-34.6355,-58.4828,#E06658
2018,Innovacion,Comuna 10,que incluyan Wi Fi en Plaza Las Toscaneras,104,-34.6161,-58.5259,#DAB6CB
2018,Seguridad,Comuna 10,Seguridad a la noche en Av Rivadavia,301,-34.6358,-58.4893,#E06658
2018,Seguridad,Comuna 10,Seguridad Zona Versalles Monte Castro Villa Real,304,-34.6293,-58.5208,#E06658
2018,Seguridad,Comuna 10,Camaras de Seguridad en el barrio de Floresta,250,-34.627,-58.4875,#E06658
2018,Seguridad,Comuna 10,Camaras de Seguridad Villa Real,190,-34.6197,-58.5259,#E06658
2018,Movilidad y transito,Comuna 10,Estaciones de Eco bici Floresta,307,-34.628,-58.4828,#86A0DB
2018,Plazas y parques,Comuna 10,Mejoramiento de la plaza Banff,148,-34.6286,-58.5209,#85E45D
2018,Movilidad y transito,Comuna 10,Iluminacion zona de venacio flores y carrasco,271,-34.634,-58.4891,#86A0DB
2018,Movilidad y transito,Comuna 10,Renovemos nuestras Ve#E06658as calles Jose Pedro Varella,54,-34.6186,-58.5266,#86A0DB
2018,Seguridad,Comuna 10,Mas Seguridad,358,-34.625,-58.5115,#E06658
2018,Movilidad y transito,Comuna 10,Arreglo de ve#E06658as en victor Hugo al 600,53,-34.6332,-58.5059,#86A0DB
2018,Plazas y parques,Comuna 9,Participacion de la Comuna 9 en la Noche de los Museos,46,-34.6526,-58.5085,#85E45D
2018,Plazas y parques,Comuna 10,Poner mas juegos plaza ,119,-34.6264,-58.5082,#85E45D
2018,Movilidad y transito,Comuna 10,Estaciones de ECOBICICLETAS en Floresta,240,-34.6293,-58.4822,#86A0DB
2018,Movilidad y transito,Comuna 6,Luminarias calles Emilio Mitre y Av del Barco Centenera,358,-34.6395,-58.4373,#86A0DB
2018,Movilidad y transito,Comuna 10,Iluminacion barrio de Villa Luro,294,-34.6378,-58.5014,#86A0DB
2018,Seguridad,Comuna 10,CaMARAS DE Seguridad EN FLORESTA,266,-34.6277,-58.484,#E06658
2018,Seguridad,Comuna 10,Camaras de Seguridad para el barrio de Versalles,239,-34.6276,-58.5246,#E06658
2019,Seguridad,Comuna 10,Camaras de Seguridad barrio de floresta,129,-34.626,-58.5067,#E06658
2019,Seguridad,Comuna 10,Seguridad Villa del Parque,146,-34.6066,-58.4957,#E06658
2017,Plazas y parques,Comuna 11,Plaza arenales inclusion a personas con discapacidades,361,-34.5994,-58.5118,#85E45D
2017,Educacion,Comuna 11,Paneles solares en institucione s educativas de gestion publica,511,-34.6082,-58.5175,#DDD7A9
2017,Movilidad y transito,Comuna 11,Se?alizacion electronica paradas de colectivos,497,-34.6001,-58.50982,#86A0DB
2017,Deportes y calidad de vida,Comuna 11,Promocion de la actividad fisica,359,-34.5997,-58.5117,#9DDBDF
2017,Movilidad y transito,Comuna 11,Instalacion de semaforo en avenida beiro y quevedo,413,-34.6105,-58.5194,#86A0DB
2017,Educacion,Comuna 11,Puesta en valor del colegio agustin p nores,277,-34.614,-58.5236,#DDD7A9
2017,Reciclado,Comuna 11,Limpieza semanal a los contenedores,424,-34.6046,-58.51625,#7B9787
2017,Plazas y parques,Comuna 11,Espacios recreativos y jardines al costado de las vias del tren,486,-34.6017,-58.4965,#85E45D
2017,Ferias y Mercados,Comuna 11,Feria permanente de abastecimient o barrial,328,-34.5987,-58.5122,#9573D9
2017,Deportes y calidad de vida,Comuna 11,Campa?a voluntaria,238,-34.5956,-58.51754,#9DDBDF
2017,Educacion,Comuna 11,Generador eolico en escueles tecnicas,437,-34.5961,-58.4997,#DDD7A9
2018,Deportes y calidad de vida,Comuna 11,Actividades recreativas en las distintas plazas del barrio,318,-34.605,-58.4928,#9DDBDF
2018,Seguridad,Comuna 11,Colocar camaras Villa Devoto y Villa Del Parque,431,-34.6008,-58.5032,#E06658
2018,Movilidad y transito,Comuna 11,REPARACION DE VE#E06658A VILLA SANTA RITA,166,-34.6165,-58.4821,#86A0DB
2018,Movilidad y transito,Comuna 11,Puesta en valor de las ve#E06658as de villa del parque,154,-34.6019,-58.494,#86A0DB
2018,Movilidad y transito,Comuna 11,Colocacion de parada linea 114,96,-34.6037,-58.5083,#86A0DB
2018,Movilidad y transito,Comuna 11,Rampa calle lavallol esquina Cervantes,93,-34.6166,-58.4859,#86A0DB
2018,Seguridad,Comuna 11,Seguridad,369,-34.6087,-58.4991,#E06658
2018,Seguridad,Comuna 11,Pedido de camaras Seguridad policial en beiro y gualeguayche,226,-34.605,-58.5104,#E06658
2018,Seguridad,Comuna 11,Mas camaras de Seguridad en el barrio de Villa Devoto,348,-34.5999,-58.5165,#E06658
2018,Seguridad,Comuna 11,camaras de Seguridad calle Cuenca del barrio de Villa del Parque,273,-34.6006,-58.4958,#E06658
2018,Movilidad y transito,Comuna 11,Refugios  con asientos y senalizacion en la parada del linea 113 de la av gaoana y Gavilan,185,-34.6163,-58.4658,#86A0DB
2018,Seguridad,Comuna 11,Seguridad,457,-34.6159,-58.4725,#E06658
2018,Seguridad,Comuna 11,CAMARAS DE Seguridad EN VILLA DEL PARQUE EN LA ZONA DE LAS VIAS Y PARQUES,346,-34.603,-58.4998,#E06658
2018,Mascotas,Comuna 11,Bolsas para residuos de mascotas barrio de Villa Devoto,255,-34.6021,-58.5139,#D6D45C
2018,Movilidad y transito,Comuna 11,Reparacion de ve#E06658as  ubicada en la calle Alf#E06658o Bufano al 2161,73,-34.6116,-58.4724,#86A0DB
2018,Movilidad y transito,Comuna 11,arrelgos de ve#E06658as av lastra 3792,85,-34.6081,-58.5209,#86A0DB
2018,Seguridad,Comuna 11,Seguridad Nasca y Nogoya,236,-34.6016,-58.4897,#E06658
2018,Plazas y parques,Comuna 11,Puesta en valor de la Plazoleta Lincoln y Pedro Moran,138,-34.6,-58.5081,#85E45D
2018,Seguridad,Comuna 11,Seguridad EN VILLA DEL PARQUE del ferrocarril de SAN MARTIN,289,-34.6015,-58.4952,#E06658
2018,Deportes y calidad de vida,Comuna 11,Mas actividades en las plazas Plaza Aristobulo del valle,231,-34.6057,-58.4929,#9DDBDF
2018,Seguridad,Comuna 11,Camara de Seguridad domo Av Alvarez Jonte y Av Nazca en Villa del Parque,258,-34.609,-58.4834,#E06658
2018,Seguridad,Comuna 11,Camaras de Seguridad calle Pedro Moran en el barrio de Villa Devoto,239,-34.6044,-58.5151,#E06658
2018,Seguridad,Comuna 11,Camaras de Seguridad villa del parque,294,-34.6103,-58.4927,#E06658
2018,Seguridad,Comuna 11,Camaras en Condarco Terrada,169,-34.6021,-58.4876,#E06658
2018,Arte urbano,Comuna 11,Soy muralista y quisiera mejorar los espacios pintando murales,264,-34.6064,-58.5052,BB45E0
2018,Movilidad y transito,Comuna 11,Arreglar Calles,274,-34.6062,-58.4992,#86A0DB
2018,Plazas y parques,Comuna 11,Juegos y seguridad para Plaza Pappo,137,-34.6106,-58.467,#85E45D
2018,Seguridad,Comuna 11,Camara de Seguridad   Camarones y Condarco,197,-34.6111,-58.4781,#E06658
2019,Seguridad,Comuna 11,Seguridad,129,-34.6203,-58.5042,#E06658
2019,Seguridad,Comuna 11,camaras,151,-34.6319,-58.4902,#E06658
2019,Plazas y parques,Comuna 11,Plaza Aristobulo del Valle arreglar cancha,116,-34.6055,-58.4929,#85E45D
2017,Plazas y parques,Comuna 12,Pista de ciclismo en el parque sarmiento,615,-34.56,-58.4982,#85E45D
2017,Cultura,Comuna 12,Ayudas para hipoacusicos eliminando barreras,327,-34.5763,-58.4835,#87E2A8
2017,Movilidad y transito,Comuna 12,Se?alizacion electronica paradas de colectivos,469,-34.5546,-58.4867,#86A0DB
2017,Reciclado,Comuna 12,Programa de puntos rewards   basura cero,522,-34.5683,-58.4998,#7B9787
2017,Innovacion,Comuna 12,Wi fi libre,310,-34.5614,-58.4989,#DAB6CB
2017,Movilidad y transito,Comuna 12,Colocacion de semaforo en calle altolaguirr e cruce con olazabal,483,-34.5786,-58.4895,#86A0DB
2017,Movilidad y transito,Comuna 12,Ordenar el transporte publico sobre constituyen tes y general paz,417,-34.5702,-58.509,#86A0DB
2017,Deportes y calidad de vida,Comuna 12,Yoga en villa urquiza,315,-34.5713,-58.4912,#9DDBDF
2017,Cultura,Comuna 12,Intercambio de libros,431,-34.5673,-58.4998,#87E2A8
2018,Movilidad y transito,Comuna 12,ECOBICIal menos 10 estaciones para las COMUNAS 12 Y 13,511,-34.5709,-58.4975,#86A0DB
2018,Movilidad y transito,Comuna 12,camaras de transito,221,-34.5641,-58.4792,#86A0DB
2018,Movilidad y transito,Comuna 12,Semaforo en Olazabal y Donado ,391,-34.5711,-58.4766,#86A0DB
2018,Seguridad,Comuna 12,Seguridad camaras de Seguridad,299,-34.5735,-58.4969,#E06658
2018,Movilidad y transito,Comuna 12,Transito  Agregar semaforo,173,-34.5754,-58.5007,#86A0DB
2018,Seguridad,Comuna 12,Seguridad,277,-34.58,-58.4917,#E06658
2018,Movilidad y transito,Comuna 12,movilidad y transito colocar un semaforo en la calle diaz colodrero y quesada,221,-34.5683,-58.49,#86A0DB
2018,Plazas y parques,Comuna 12,INSTALACION DE CAMARAS DE SEGURIDAD EN TODAS LAS PLAZAS DE LA COMUNAS 12,558,-34.5672,-58.4892,#85E45D
2018,Seguridad,Comuna 12,INSTALACION DE CAMARAS DE SEGURIDAS EN LA PLAZA LEANDRO N ALEN ZAMUDIO 5600 ESQ,179,-34.577,-58.5034,#E06658
2018,Plazas y parques,Comuna 12,INSTALACION DE WIFI LIBRE Y GRATUITO EN LA PLAZA LEANDRO N ALEN ZAMUDIO 5600,145,-34.5757,-58.503,#85E45D
2018,Movilidad y transito,Comuna 12,INSTALACION DE PARADAS DE COLECTIVOS Y REFUGIOS LA SACARON Y NO SE REPUSO AV ALBARELLOS 2506 varias,298,-34.5751,-58.5055,#86A0DB
2018,Seguridad,Comuna 12,Camaras de Seguridad 24 hrs calles de Cabildo y Ciudad de la paz,234,-34.5485,-58.4692,#E06658
2018,Seguridad,Comuna 12,Camaras de Seguridad 24 hrs barrio de Villa Pueyr#E06658on,293,-34.5798,-58.5063,#E06658
2018,Deportes y calidad de vida,Comuna 12,Realizacion de clases de yoga en el parque Saavedra,229,-34.5516,-58.4802,#9DDBDF
2018,Movilidad y transito,Comuna 12,Arreglar ve#E06658a monroe 5568  70,99,-34.5774,-58.4915,#86A0DB
2018,Seguridad,Comuna 12,camaras de Seguridad Barzana  calle Pampa,167,-34.582,-58.4857,#E06658
2018,Deportes y calidad de vida,Comuna 12,Maquinas de ejercicios parque saavedra maquinas,265,-34.5515,-58.4824,#9DDBDF
2018,Mascotas,Comuna 12,Caniles en el Parque Saavedra,175,-34.55,-58.4777,#D6D45C
2018,Seguridad,Comuna 12,Camaras de Seguridad  barrios de parque chas y villa urquiza,321,-34.5726,-58.4913,#E06658
2018,Movilidad y transito,Comuna 12,CARTEL DE GIRO Barzana y Olazabal,190,-34.5782,-58.4886,#86A0DB
2018,Movilidad y transito,Comuna 12,Estacion de Ecobicis en Parque Saavedra,332,-34.5494,-58.473,#86A0DB
2018,Plazas y parques,Comuna 12,Deporte en parque saavedra,151,-34.5511,-58.4806,#85E45D
2018,Movilidad y transito,Comuna 12,Giros a la izquierda sobre Av Balbin aprovechando manzanas triangulares,215,-34.5562,-58.481,#86A0DB
2018,Seguridad,Comuna 12,camaras de Seguridad general paz a la altura del 5000,181,-34.5745,-58.5112,#E06658
2018,Seguridad,Comuna 12,Seguridad barrio de Coghlan,200,-34.5588,-58.4757,#E06658
2018,Seguridad,Comuna 12,Seguridad en el barrio  barrio saavedra belgrano nu??ez,349,-34.5481,-58.4761,#E06658
2018,Seguridad,Comuna 12,Camaras de Seguridad 24 hrs barrio de Saavedra Balbin y Donado,270,-34.5551,-58.4886,#E06658
2018,Seguridad,Comuna 12,Camaras de Seguridad en Villa Urquiza,439,-34.575,-58.4911,#E06658
2018,Seguridad,Comuna 12,Mas Seguridad en el barrio de Saavedra,290,-34.5524,-58.4847,#E06658
2018,Movilidad y transito,Comuna 12,Que se haga la luz,306,-34.564,-58.4975,#86A0DB
2018,Plazas y parques,Comuna 12,Iluminacion en el Parque Saavedra,364,-34.5502,-58.4813,#85E45D
2018,Seguridad,Comuna 12,Camaras de Seguridad 24 hrs calles de Tamborini e Ibera,233,-34.5651,-58.4879,#E06658
2018,Seguridad,Comuna 12,Camaras de Seguridad,214,-34.5605,-58.4863,#E06658
2018,Plazas y parques,Comuna 12,Wifi para parque saavedra,247,-34.5501,-58.4804,#85E45D
2018,Movilidad y transito,Comuna 12,Hacen falta estaciones de EcoBici hacia Belgrano Villa Urquiza etc hay ciclovi,356,-34.5767,-58.4945,#86A0DB
2018,Seguridad,Comuna 12,Camaras para la Plaza calles Miller Monroe y Montenegro,229,-34.5712,-58.4808,#E06658
2019,Seguridad,Comuna 12,Camaras de Seguridad barrio de Villa Urquiza,96,-34.5733,-58.4906,#E06658
2017,Educacion,Comuna 13,Instalacion de paneles solares en escuelas publica 12,433,-34.5541,-58.4698,#DDD7A9
2017,Movilidad y transito,Comuna 13,Se?alizacion electronica paradas de colectivos,551,-34.5486,-58.4626,#86A0DB
2017,Cultura,Comuna 13,Bibliotecas ambulantes ( book truks ),397,-34.5563,-58.455,#87E2A8
2017,Innovacion,Comuna 13,Wi fi en la pza barrancas de belgrano,509,-34.5603,-58.4483,#DAB6CB
2017,Movilidad y transito,Comuna 13,Paradas ecologicas metrobus cabildo cargadores de bateria,386,-34.5753,-58.4347,#86A0DB
2017,Movilidad y transito,Comuna 13,Estacionamien to publico para bicis,418,-34.5593,-58.459,#86A0DB
2017,Ferias y Mercados,Comuna 13,Feria de productore s,510,-34.5621,-58.4576,#9573D9
2017,Educacion,Comuna 13,En escuelas primarias ense?anza de huerto vertical con elementos reciclables,489,-34.5488,-58.4633,#DDD7A9
2017,Deportes y calidad de vida,Comuna 13,Yoga para todos,411,-34.5563,-58.457,#9DDBDF
2017,Reciclado,Comuna 13,Campa?a educativa para el reciclaje,278,-34.5593,-58.455,#7B9787
2017,Educacion,Comuna 13,Pintura para la escuela de belgrano,388,-34.5641,-58.4506,#DDD7A9
2017,Innovacion,Comuna 13,Wifi en plaza castelli,301,-34.5679,-58.4646,#DAB6CB
2017,Plazas y parques,Comuna 13,Juegos para los chicos en la plaza castelli,260,-34.5676,-58.4647,#85E45D
2017,Deportes y calidad de vida,Comuna 13,Kung fu en parques,184,-34.5613,-58.4549,#9DDBDF
2017,Deportes y calidad de vida,Comuna 13,Clases deportivas voluntarias,346,-34.5603,-58.453,#9DDBDF
2017,Deportes y calidad de vida,Comuna 13,Campa?a voluntaria,263,-34.5553,-58.46,#9DDBDF
2017,Educacion,Comuna 13,Pintura para la escuela numero 3 (colegiales),486,-34.5726,-58.4424,#DDD7A9
2017,Educacion,Comuna 13,Instalacion de paneles solares en escuelas publicas,455,-34.5465,-58.4608,#DDD7A9
2017,Reciclado,Comuna 13,Limpieza semanal a los contenedores,431,-34.5613,-58.456,#7B9787
2017,Plazas y parques,Comuna 13,Uso de energia solar en plazas y parques,852,-34.5591,-58.4506,#85E45D
2017,Arte urbano,Comuna 13,Intervencion persianas en comercios de la comuna 13:belgrano colegiales nu?ez,262,-34.5613,-58.4782,BB45E0
2018,Movilidad y transito,Comuna 13,BICICLETAS Plaza Noruega en Belgrano,429,-34.5621,-58.4587,#86A0DB
2018,Seguridad,Comuna 13,Camaras de Seguridad zona del barrio de Belgrano,606,-34.5591,-58.4564,#E06658
2018,Deportes y calidad de vida,Comuna 13,Deporte Plaza con maquinas,241,-34.555,-58.4577,#9DDBDF
2018,Seguridad,Comuna 13,CAMARAS DE Seguridad barrio de colegiales,418,-34.5756,-58.4549,#E06658
2018,Movilidad y transito,Comuna 13,estacion ecobici en belgrano libertador y sucre,374,-34.5587,-58.4461,#86A0DB
2018,Seguridad,Comuna 13,Camara de Seguridad 11 de Septiembre entre Quesada e Ibera,351,-34.5508,-58.4577,#E06658
2018,Movilidad y transito,Comuna 13,movilidad y transito calle Virrey Olaguer Y Feliu,225,-34.5732,-58.4569,#86A0DB
2018,Movilidad y transito,Comuna 13,Arreglo de ve#E06658as en Belgrano  calle Roosevelt entre Arcos y Cuba,230,-34.5557,-58.4579,#86A0DB
2018,Movilidad y transito,Comuna 13,Reparacion de ve#E06658as rotas en Belgrano Plaza Noruega calle Ciudad de la paz,223,-34.5622,-58.4588,#86A0DB
2018,Movilidad y transito,Comuna 13,Arreglo de ve#E06658as rotas en Av Cabildo desde Sucre,316,-34.564,-58.4552,#86A0DB
2018,Ferias y Mercados,Comuna 13,Ferias con productos organicos Cramer y Olleros,494,-34.5741,-58.446,#9573D9
2018,Seguridad,Comuna 13,Camaras de Seguridad en Belgrano calle Jose Hernandez,405,-34.5638,-58.4497,#E06658
2018,Movilidad y transito,Comuna 13,Mas puestos de bicicletas en Belgrano y Nu??ez,390,-34.5538,-58.4589,#86A0DB
2018,Seguridad,Comuna 13,Mas Seguridad  zona de alvarez tomas hasta conesa y cramer,343,-34.5664,-58.4615,#E06658
2018,Seguridad,Comuna 13,Camaras de Seguridad ,310,-34.5603,-58.458,#E06658
2018,Ferias y Mercados,Comuna 13,Mas ferias itinerantes en Belgrano,398,-34.5608,-58.4547,#9573D9
2018,Movilidad y transito,Comuna 13,Semaforo con reloj Av. Cabildo y Jos?? Hernandez,429,-34.5656,-58.4534,#86A0DB
2018,Plazas y parques,Comuna 13,Plazoleta Santa Maria de los Buenos Ayres,182,-34.5679,-58.4574,#85E45D
2018,Seguridad,Comuna 13,Camaras de Seguridad en Nu?ez calle Jaramillo entre Arribe??os y 11 de Septiembre,340,-34.5447,-58.4621,#E06658
2018,Seguridad,Comuna 13,CUIDEMOS ALOS ALUNMOS ADOLECENTES COR#E06658ORES ESCOLES,418,-34.5453,-58.4587,#E06658
2018,Plazas y parques,Comuna 13,Dispenser de bolsitas en la plaza plaza de Jorge Newbery y Zapiola,152,-34.5772,-58.4458,#85E45D
2018,Seguridad,Comuna 13,camaras de Seguridad Avenida Libertador ubicada en el barrio de palermo,276,-34.5471,-58.4569,#E06658
2018,Seguridad,Comuna 13,Seguridad barrio de nu??ez,383,-34.5488,-58.4656,#E06658
2018,Seguridad,Comuna 13,Camaras de Seguridad en Belgrano La Pampa y 3 de Febrero,442,-34.5622,-58.4497,#E06658
2018,Seguridad,Comuna 13,Camaras de Seguridad  atras de la cancha de golf,321,-34.5402,-58.4604,#E06658
2018,Movilidad y transito,Comuna 13,que los ciclistas no anden en contramano x calles y avenidas,205,-34.5546,-58.4637,#86A0DB
2019,Movilidad y transito,Comuna 13,Arreglo de ve#E06658as y rampas Av Monroe venida Monroe desde el 2500 al 3000,154,-34.5638,-58.4687,#86A0DB
2019,Seguridad,Comuna 13,Camaras de Seguridad barrio de belgrano Amenabar desde Av Federico Lacroze hasta Juramento,218,-34.5632,-58.4586,#E06658
2019,Movilidad y transito,Comuna 13,Arreglo de ve#E06658as,143,-34.5462,-58.4623,#86A0DB
2019,Movilidad y transito,Comuna 13,Bici sendas,163,-34.5449,-58.4595,#86A0DB
2019,Movilidad y transito,Comuna 13,Lomas de burro o semaforos en belgrano R Olazabal entre conde y zapiola,100,-34.5654,-58.4671,#86A0DB
2019,Seguridad,Comuna 13,Comuna 13 segura,205,-34.5555,-58.4624,#E06658
2019,Movilidad y transito,Comuna 13,Arreglo barrial,114,-34.5744,-58.452,#86A0DB
2017,Movilidad y transito,Comuna 14,Se?alizacion electronica paradas de colectivos,610,-34.5899,-58.4245,#86A0DB
2017,Movilidad y transito,Comuna 14,Campa?a de educacion vial para ciclistas,346,-34.575,-58.4142,#86A0DB
2017,Plazas y parques,Comuna 14,Arbolado urbano,439,-34.5756,-58.4189,#85E45D
2017,Deportes y calidad de vida,Comuna 14,Fomentar la practica del ajedrez en plazas y parques,296,-34.5889,-58.4251,#9DDBDF
2017,Plazas y parques,Comuna 14,Parque de voley playa,355,-34.5663,-58.4153,#85E45D
2017,Plazas y parques,Comuna 14,Iluminacion en las plazas,308,-34.5792,-58.4102,#85E45D
2017,Mascotas,Comuna 14,Parque de mascotas,296,-34.5916,-58.4201,#D6D45C
2017,Deportes y calidad de vida,Comuna 14,Actividades en plazas y parques,305,-34.5887,-58.4302,#9DDBDF
2017,Reciclado,Comuna 14,Fomentacion sobre el Reciclado en palermo,335,-34.5819,-58.4247,#7B9787
2017,Movilidad y transito,Comuna 14,Estacionamien to publico para bicis,301,-34.578,-58.4222,#86A0DB
2017,Movilidad y transito,Comuna 14,Semaforo en godoy cruz y segui,313,-34.5736,-58.4212,#86A0DB
2017,Deportes y calidad de vida,Comuna 14,Campa?a voluntaria,265,-34.577,-58.4212,#9DDBDF
2017,Arte urbano,Comuna 14,Pintar las pa#E06658es de palermo,280,-34.5833,-58.4262,BB45E0
2017,Ferias y Mercados,Comuna 14,Productos organicos,260,-34.5793,-58.4213,#9573D9
2017,Innovacion,Comuna 14,Segui conectados incluso al aire libre,294,-34.5894,-58.4162,#DAB6CB
2018,Cultura,Comuna 14,Actividades de arte para jubilados y mas difusion de dicho tema,339,-34.582,-58.4109,#87E2A8
2018,Seguridad,Comuna 14,Camara de Seguridad en Av Infanta Isabel y Av Iraola,316,-34.572,-58.4138,#E06658
2018,Plazas y parques,Comuna 14,Colocar bebederos en parque tres de Febrero,232,-34.5714,-58.417,#85E45D
2018,Deportes y calidad de vida,Comuna 14,Cancha de Basket Parque Las Heras,178,-34.5847,-58.4087,#9DDBDF
2018,Seguridad,Comuna 14,Seguridad esquina de libertador y olleros,502,-34.5637,-58.4364,#E06658
2018,Seguridad,Comuna 14,Instalacion de camara de Seguridad en interseccion  calles Araoz y Guemes,361,-34.5858,-58.415,#E06658
2018,Movilidad y transito,Comuna 14,mejoramiento del transito zona de paraguay y Darregueyra,310,-34.583,-58.4263,#86A0DB
2018,Plazas y parques,Comuna 14,PLAZA MIGUEL ABUELO,171,-34.5743,-58.4319,#85E45D
2018,Deportes y calidad de vida,Comuna 14,plazas y parques,200,-34.5749,-58.4119,#9DDBDF
2018,Movilidad y transito,Comuna 14,iluminacion barrio de Palermo,467,-34.5857,-58.4252,#86A0DB
2018,Movilidad y transito,Comuna 14,Ve#E06658as,367,-34.569,-58.4362,#86A0DB
2018,Mascotas,Comuna 14,Bolsas para perros para desechos de animales,273,-34.5821,-58.4205,#D6D45C
2018,Plazas y parques,Comuna 14,Iluminacion plaza guemes,349,-34.5895,-58.4163,#85E45D
2018,Seguridad,Comuna 14,CAMARAS DE Seguridad por santa fe llegando a plaza italia,487,-34.5812,-58.4217,#E06658
2018,Movilidad y transito,Comuna 14,Reparacion de ve#E06658as en Palermo Carranza entre Honduras y Gorriti,186,-34.5826,-58.4383,#86A0DB
2018,Deportes y calidad de vida,Comuna 14,Parque Las Heras clases de gimnasia y baile,312,-34.5828,-58.4099,#9DDBDF
2018,Plazas y parques,Comuna 14,Iluminacion en los bosques de palermo,425,-34.5672,-58.4146,#85E45D
2018,Movilidad y transito,Comuna 14,Mejora de ve#E06658as en Palermo Avenida Ortiz y la calle Santa Fe,275,-34.5823,-58.4044,#86A0DB
2018,Seguridad,Comuna 14,Mas Seguridad el salvador entre salguero y medrano palermo,326,-34.5928,-58.4181,#E06658
2018,Seguridad,Comuna 14,Camaras de Seguridad en Palermo,522,-34.5795,-58.433,#E06658
2018,Seguridad,Comuna 14,Camara Pringles y Cabrera,151,-34.5955,-58.4248,#E06658
2018,Seguridad,Comuna 14,camaras de Seguridad,449,-34.5761,-58.4212,#E06658
2018,Seguridad,Comuna 14,iluminacion el planetario,590,-34.5697,-58.4117,#E06658
2018,Mascotas,Comuna 14,"Dispensador de bolsas y se?al ""Recoge la caca de tu perro""",307,-34.5758,-58.4186,#D6D45C
2018,Seguridad,Comuna 14,Colocacion de camaras de Seguridad Avenida Santa Fe y Avenida Scalabrini Ortiz,434,-34.5852,-58.416,#E06658
2019,Seguridad,Comuna 14,Seguridad Palermo,149,-34.5875,-58.4283,#E06658
2019,Educacion,Comuna 14,Huertas en escuelas,149,-34.5766,-58.4308,#DDD7A9
2017,Movilidad y transito,Comuna 15,Se?alizacion electronica paradas de colectivos,380,-34.5948,-58.4661,#86A0DB
2017,Movilidad y transito,Comuna 15,Semaforo en comuna 15,258,-34.5881,-58.4702,#86A0DB
2017,Educacion,Comuna 15,Restauracion de la escuela 23 para una mejor vista,220,-34.5986,-58.4574,#DDD7A9
2017,Reciclado,Comuna 15,Programa de beneficios para seguir reciclando,292,-34.5898,-58.4581,#7B9787
2017,Movilidad y transito,Comuna 15,Estacionamien to publico para bicis,239,-34.5948,-58.4601,#86A0DB
2017,Innovacion,Comuna 15,Wifi libre para la plaza 25 de agosto,133,-34.5801,-58.4622,#DAB6CB
2017,Plazas y parques,Comuna 15,Circuito running y creacion de posta aerobica en agronomia,293,-34.5915,-58.4825,#85E45D
2017,Deportes y calidad de vida,Comuna 15,Clases deportivas voluntarias,199,-34.592,-58.4707,#9DDBDF
2017,Movilidad y transito,Comuna 15,Restauracion puente av san martin y sus al#E06658edores,276,-34.6002,-58.4765,#86A0DB
2017,Movilidad y transito,Comuna 15,Mejorar la parada de colectivo del hosp dr e tornu,389,-34.5862,-58.4726,#86A0DB
2017,Educacion,Comuna 15,Pintar la escuela n? 26 15,234,-34.5769,-58.469,#DDD7A9
2017,Deportes y calidad de vida,Comuna 15,Campa?a voluntaria,267,-34.5858,-58.4621,#9DDBDF
2017,Innovacion,Comuna 15,Torres de wifi en la plaza gurruchaga,142,-34.5927,-58.4353,#DAB6CB
2017,Deportes y calidad de vida,Comuna 15,Buenos aires en movimiento,218,-34.5879,-58.4675,#9DDBDF
2017,Ferias y Mercados,Comuna 15,Ferias itinerantes en la comuna 15,245,-34.592,-58.448,#9573D9
2018,Reciclado,Comuna 15,Puesta en valor de las ve#E06658as en Corrientes y estado de israel,113,-34.6021,-58.4322,#7B9787
2018,Plazas y parques,Comuna 15,Crear una plaza en Av Cordoba y Santos Dumont,165,-34.5833,-58.4476,#85E45D
2018,Seguridad,Comuna 15,Seguridad erca del hospital Tornu,353,-34.5863,-58.4725,#E06658
2018,Movilidad y transito,Comuna 15,iluminacion plaza seca del barrio de chacarita,292,-34.5868,-58.4616,#86A0DB
2018,Movilidad y transito,Comuna 15,mantenimiento de ve#E06658as ,153,-34.594,-58.4681,#86A0DB
2018,Seguridad,Comuna 15,Camara de Seguridad en el barrio,396,-34.5991,-58.4418,#E06658
2018,Movilidad y transito,Comuna 15,paso peatonal sobre tunel Ceratti,151,-34.5929,-58.4905,#86A0DB
2018,Movilidad y transito,Comuna 15,#E06658ucir demoras en el cruce de Avda San Martin y Chorroarin,169,-34.5997,-58.4788,#86A0DB
2018,Movilidad y transito,Comuna 15,Seguridad facultad de agronomia,365,-34.5909,-58.4827,#86A0DB
2018,Seguridad,Comuna 15,CAMARAS DE Seguridad PLAZA 25 DE AGOSTO EN VILLA ORTUZAR,235,-34.5802,-58.4625,#E06658
2018,Movilidad y transito,Comuna 15,Puesta en valor de ve#E06658as en Gurruchaga y Jufre,90,-34.593,-58.4349,#86A0DB
2018,Seguridad,Comuna 15,Camaras de Seguridad en Agronomia zonas cercanas a las canchas que hay,318,-34.5933,-58.4892,#E06658
2018,Plazas y parques,Comuna 15,bebederos en la plaza de gamarra,144,-34.5825,-58.477,#85E45D
2018,Movilidad y transito,Comuna 15,Arreglar ve#E06658a Araoz al 400,101,-34.5968,-58.4322,#86A0DB
2018,Movilidad y transito,Comuna 15,Transito Luis Viale e Hidalgo,210,-34.6029,-58.445,#86A0DB
2018,Movilidad y transito,Comuna 15,Arreglo de ve#E06658as calle jorge newbery al 4000,88,-34.5912,-58.4535,#86A0DB
2018,Seguridad,Comuna 15,Mas camaras de Seguridad en Villa Ortuzar,237,-34.5817,-58.4684,#E06658
2018,Mascotas,Comuna 15,Canil  plaza 25 de Agosto,110,-34.5806,-58.4621,#D6D45C
2018,Seguridad,Comuna 15,camaras de Seguridad en Paternal Espinoza y 12 de octubre,241,-34.6011,-58.467,#E06658
2018,Movilidad y transito,Comuna 15,Arreglo de ve#E06658as Scalabrini Ortiz hasta Aguirre,118,-34.5979,-58.4355,#86A0DB
2018,Movilidad y transito,Comuna 15,reconstruccion de ve#E06658as en villa crespo angel gallardo y corrientes,125,-34.6021,-58.4323,#86A0DB
2018,Plazas y parques,Comuna 15,Wifi en la Plaza General Benito Nazar,86,-34.6046,-58.4454,#85E45D
2018,Movilidad y transito,Comuna 15,Mejorar las paradas de colectivos de la Plaza General Benito Nazar,137,-34.6048,-58.4461,#86A0DB
2018,Plazas y parques,Comuna 15,Clocacion de caja con bolsas para los Canes en la Plaza General Benito Nazar,121,-34.6054,-58.4455,#85E45D
2018,Seguridad,Comuna 15,Mas camaras de Seguridad y vigilancia,334,-34.5982,-58.4524,#E06658
2018,Seguridad,Comuna 15,camaras de Seguridad zona de corrientes  warnes y juan b justo,304,-34.5993,-58.4509,#E06658
2018,Seguridad,Comuna 15,Camara de Seguridad en Jonte entre Cucha Cucha y A?asco,154,-34.6054,-58.4536,#E06658
2018,Seguridad,Comuna 15,Camaras de Seguridad en Chacarita,268,-34.5848,-58.4551,#E06658
2019,Cultura,Comuna 15,Basura,110,-34.5888,-58.4672,#87E2A8
2019,Movilidad y transito,Comuna 15,Se?alizacion,104,-34.5918,-58.4762,#86A0DB
2019,Seguridad,Comuna 15,Seguridad,159,-34.6002,-58.4718,#E06658
2019,Seguridad,Comuna 15,Camaras de Seguridad en Comuna 15 Villa Crespo,121,-34.5983,-58.4428,#E06658
2017,Educacion,Comuna 2,Huertas y jardines en la escuela normal 1,413,-34.5991,-58.3952,#DDD7A9
2017,Movilidad y transito,Comuna 2,Se?alizacion electronica paradas de colectivos,601,-34.5939,-58.3929,#86A0DB
2017,Plazas y parques,Comuna 2,Mas bebederos en las plazas parque s,358,-34.5857,-58.3925,#85E45D
2017,Arte urbano,Comuna 2,Arte urbano,241,-34.5889,-58.3979,BB45E0
2017,Reciclado,Comuna 2,Limpieza semanal a los contenedores,392,-34.5949,-58.3979,#7B9787
2017,Arte urbano,Comuna 2,Arte urbano,241,-34.5869,-58.3959,BB45E0
2017,Plazas y parques,Comuna 2,Plaza rodriguez pe?a borde al#E06658edor,298,-34.5983,-58.3924,#85E45D
2017,Ferias y Mercados,Comuna 2,Mas dias ferias en recoleta,344,-34.5848,-58.394,#9573D9
2017,Movilidad y transito,Comuna 2,Campa?a de consientizacio n para los ciclistas de recoleta,294,-34.5879,-58.3979,#86A0DB
2017,Ferias y Mercados,Comuna 2,Ferias en la ciudad,306,-34.5899,-58.3989,#9573D9
2017,Movilidad y transito,Comuna 2,Estacionamien to publico para bicis,352,-34.5929,-58.4019,#86A0DB
2017,Plazas y parques,Comuna 2,Aparatos de ejercicio,220,-34.5992,-58.3981,#85E45D
2017,Deportes y calidad de vida,Comuna 2,Clases de yoga gratuitas en la plazas,469,-34.5884,-58.3976,#9DDBDF
2017,Ferias y Mercados,Comuna 2,Ferias de consumo en recoleta,432,-34.5869,-58.3939,#9573D9
2017,Educacion,Comuna 2,Arreglar las baldosas del patio del 3 piso en el normal 1,461,-34.5996,-58.3953,#DDD7A9
2017,Deportes y calidad de vida,Comuna 2,Clases deportivas voluntarias,310,-34.5864,-58.3922,#9DDBDF
2017,Ferias y Mercados,Comuna 2,Feria para los vecinos mercado de frutos en plaza Houssay,280,-34.5998,-58.3975,#9573D9
2018,Innovacion,Comuna 2,Instalar torres de wifi,200,-34.5935,-58.3895,#DAB6CB
2018,Seguridad,Comuna 2,camaras de Seguridad,203,-34.5901,-58.3899,#E06658
2018,Seguridad,Comuna 2,Seguridad,193,-34.591,-58.3949,#E06658
2018,Plazas y parques,Comuna 2,ve#E06658as y espacios verdes,106,-34.5939,-58.3932,#85E45D
2018,Seguridad,Comuna 2,Seguridad,215,-34.5895,-58.3967,#E06658
2018,Seguridad,Comuna 2,Camaras de Seguridad  barrio de Recoleta,251,-34.5999,-58.3972,#E06658
2018,Movilidad y transito,Comuna 2,ve#E06658as y caniles,109,-34.5974,-58.3918,#86A0DB
2018,Seguridad,Comuna 2,Mayor Seguridad Barrio de Recoleta,259,-34.5903,-58.3918,#E06658
2018,Movilidad y transito,Comuna 2,mas luminaria para la universidad de derechos UBA en recoleta,241,-34.5837,-58.3916,#86A0DB
2018,Seguridad,Comuna 2,camaras de Seguridad el trayecto del cementerio a la universidad de derecho de la UBA,212,-34.5849,-58.3919,#E06658
2018,Seguridad,Comuna 2,camaras de Seguridad en recoleta,218,-34.587,-58.3961,#E06658
2018,Seguridad,Comuna 2,Mas Seguridad,219,-34.5928,-58.3987,#E06658
2018,Movilidad y transito,Comuna 2,ve#E06658as calle uriburu entre las heras y melo,113,-34.5894,-58.3948,#86A0DB
2018,Seguridad,Comuna 2,Camaras de Seguridad 24 hrs,306,-34.5958,-58.396,#E06658
2018,Seguridad,Comuna 2,camaras de Seguridad en todo el barrio de recolecta,214,-34.5869,-58.3883,#E06658
2018,Seguridad,Comuna 2,camaras,176,-34.5878,-58.3953,#E06658
2018,Seguridad,Comuna 2,Seguridad,202,-34.595,-58.4007,#E06658
2018,Plazas y parques,Comuna 2,Refuerzo de iluminacion parque de Anchorena y Paraguay,236,-34.5861,-58.3909,#85E45D
2018,Seguridad,Comuna 2,Camaras de Seguridad,197,-34.5928,-58.3949,#E06658
2018,Movilidad y transito,Comuna 2,Mejora de las ve#E06658as de RECOLETA Coronel Diaz y Santa Fe,167,-34.5879,-58.4087,#86A0DB
2018,Movilidad y transito,Comuna 2,Renovacion completa de ve#E06658as en Recoleta Las Heras y Rodriguez Pe??a,113,-34.5926,-58.3909,#86A0DB
2018,Movilidad y transito,Comuna 2,Educacion facultad de derecho,158,-34.5837,-58.3917,#86A0DB
2018,Seguridad,Comuna 2,Camaras de Seguridad hospital Rivadavia,187,-34.5851,-58.4019,#E06658
2018,Mascotas,Comuna 2,Aparato que contenga bolsas de arranque,129,-34.5912,-58.3968,#D6D45C
2018,Ferias y Mercados,Comuna 2,Mercado con productos organicos en la Plaza Vicente Lopez,216,-34.594,-58.3894,#9573D9
2019,Seguridad,Comuna 2,Recoleta segura zona de recoleta para evitar robos y vandalismo,152,-34.5901,-58.3939,#E06658
2019,Cultura,Comuna 2,Zona de lectura en Plaza Mitre,112,-34.5837,-58.3958,#87E2A8
2019,Movilidad y transito,Comuna 2,SE?ALIZACIoN DE PARADAS DE COLECTIVOS EN AVENIDA PUEYR#E06658oN,116,-34.5925,-58.4015,#86A0DB
2017,Cultura,Comuna 3,CIRCUITO CULTURAL,250,-34.6095,-58.3964,#87E2A8
2017,Arte urbano,Comuna 3,Pintar las pa#E06658es de ayacucho y av rivadavia,108,-34.6094,-58.3948,BB45E0
2017,Movilidad y transito,Comuna 3,Senalizacion electronica paradas de colectivos,349,-34.6171,-58.4011,#86A0DB
2017,Plazas y parques,Comuna 3,Iluminacion en plaza miserere (once),387,-34.61,-58.408,#85E45D
2017,Movilidad y transito,Comuna 3,Semaforo en valentin gomez y ecuador,279,-34.6054,-58.4083,#86A0DB
2017,Arte urbano,Comuna 3,Intervencion artistica en las pa#E06658es de balvanera,193,-34.6004,-58.3928,BB45E0
2017,Movilidad y transito,Comuna 3,Semaforo para no videntes en la estacion de once,361,-34.6086,-58.406,#86A0DB
2017,Deportes y calidad de vida,Comuna 3,Clases deportivas voluntarias,282,-34.6181,-58.4041,#9DDBDF
2017,Ferias y Mercados,Comuna 1,Feria de consumo de alimentos en la plaza congreso,120,-34.6098,-58.3909,#9573D9
2017,Educacion,Comuna 3,Juegos seguros para el jardin de infantes del normal 8,314,-34.6239,-58.4071,#DDD7A9
2017,Cultura,Comuna 3,Biblioteca en la plaza,238,-34.6099,-58.4084,#87E2A8
2017,Ferias y Mercados,Comuna 3,Agregar dias ampliacion horarios de las ferias comunitarias,204,-34.6118,-58.3984,#9573D9
2017,Movilidad y transito,Comuna 3,Ciclovia en balvanera,165,-34.6094,-58.4034,#86A0DB
2017,Plazas y parques,Comuna 3,Iluminacion en la plaza de balvanera,324,-34.6171,-58.4032,#85E45D
2017,Movilidad y transito,Comuna 3,Semaforos para ciegos,345,-34.6064,-58.4124,#86A0DB
2017,Reciclado,Comuna 3,Difusion de normas de higiene urbana y uso espacio publico en balvanera,236,-34.6127,-58.4062,#7B9787
2017,Deportes y calidad de vida,Comuna 3,Campa?a voluntaria,318,-34.6151,-58.4071,#9DDBDF
2017,Arte urbano,Comuna 3,Murales en pza martin fierro,176,-34.6259,-58.4078,BB45E0
2017,Plazas y parques,Comuna 3,Mejorar la iluminacion de la plaza martin fierro,278,-34.6259,-58.4081,#85E45D
2017,Ferias y Mercados,Comuna 3,Ferias y mercados,196,-34.6078,-58.4132,#9573D9
2017,Arte urbano,Comuna 3,Murales en todas las persianas de los locales de once,173,-34.607,-58.4061,BB45E0
2017,Reciclado,Comuna 3,Carteles que informen las consecuencias de arrojar la basura en la calle,184,-34.6152,-58.4092,#7B9787
2017,Plazas y parques,Comuna 3,Implementar maquinas de ejercicio plaza primero de mayo,309,-34.6116,-58.398,#85E45D
2017,Educacion,Comuna 3,Colegio n14 juan jose paso,264,-34.6054,-58.4101,#DDD7A9
2017,Ferias y Mercados,Comuna 3,Ferias en balvanera para los vecinos,117,-34.6119,-58.3978,#9573D9
2018,Seguridad,Comuna 2,Recoleta Segura,351,-34.5985,-58.3982,#E06658
2018,Movilidad y transito,Comuna 14,Eco Bici Nueva esquina de libertador y olleros,240,-34.5717,-58.4217,#86A0DB
2018,Movilidad y transito,Comuna 3,Reparacion de ve#E06658a en Jean Jaures al 700,45,-34.6027,-58.4083,#86A0DB
2018,Movilidad y transito,Comuna 3,Reparacion de ve#E06658a en Anchorena y San luis,25,-34.5996,-58.4087,#86A0DB
2018,Ferias y Mercados,Comuna 3,Ampliar panaderias de ferias barriales,172,-34.6153,-58.3982,#9573D9
2018,Seguridad,Comuna 3,mejorar la Seguridad del barrio,241,-34.6095,-58.3933,#E06658
2018,Seguridad,Comuna 3,Seguridad,260,-34.6079,-58.4038,#E06658
2018,Movilidad y transito,Comuna 3,mantenimiento de la calle alberti ,49,-34.6217,-58.4007,#86A0DB
2018,Seguridad,Comuna 3,Seguridad  barrio de Balvanera,184,-34.6088,-58.402,#E06658
2018,Seguridad,Comuna 3,Mas Seguridad,226,-34.6128,-58.4087,#E06658
2018,Mascotas,Comuna 3,Bebedores de agua para las mascotas en la Pza Dr J M Velasco Ibarra,117,-34.6173,-58.4035,#D6D45C
2018,Movilidad y transito,Comuna 3,Reparacion de Ve#E06658a Jean Jaure entre Valentin Gomez y Sarmiento,51,-34.6054,-58.4094,#86A0DB
2018,Seguridad,Comuna 3,Colocar camaras de Seguridad barrio de Balvanera,198,-34.6265,-58.4068,#E06658
2018,Plazas y parques,Comuna 3,Puesta en valor de la Plaza Fumarola,165,-34.6082,-58.4112,#85E45D
2018,Seguridad,Comuna 3,Camara de Seguridad balvanera,171,-34.6101,-58.4033,#E06658
2018,Mascotas,Comuna 3,Estaciones de higiene publica,184,-34.611,-58.3977,#D6D45C
2018,Movilidad y transito,Comuna 3,Ve#E06658as nuevas calles Urquiza entre Moreno y Belgrano,59,-34.6146,-58.4097,#86A0DB
2018,Seguridad,Comuna 3,Mas Seguridad Balvanera,212,-34.6082,-58.4034,#E06658
2018,Movilidad y transito,Comuna 10,Refugios de colectivos en paradas cercanas a colegios en la Comuna 10,375,-34.6318,-58.489,#86A0DB
2018,Movilidad y transito,Comuna 3,Incorporar pases peatonales  en los sectores universitarios,91,-34.6199,-58.4082,#86A0DB
2018,Seguridad,Comuna 3,Camaras de Seguridad Balvanera,173,-34.6112,-58.4017,#E06658
2018,Movilidad y transito,Comuna 3,Senda Peatonal cercania Escuela Sarmiento y Ag??ero,139,-34.6064,-58.4124,#86A0DB
2018,Seguridad,Comuna 3,Camaras de Seguridad,181,-34.6078,-58.4062,#E06658
2018,Seguridad,Comuna 3,mas Seguridad en el barrio balbanera domos,153,-34.6113,-58.4045,#E06658
2018,Seguridad,Comuna 3,Seguridad zona de balvanera,188,-34.6116,-58.4074,#E06658
2018,Seguridad,Comuna 3,Camaras de Seguridad 24 hrs calles del barrio Balvanera,299,-34.6138,-58.4065,#E06658
2018,Seguridad,Comuna 3,Camara de Seguridad,186,-34.6229,-58.4044,#E06658
2018,Seguridad,Comuna 3,Camaras de Seguridad en Balvanera,215,-34.6103,-58.406,#E06658
2018,Movilidad y transito,Comuna 3,Puesta en valor de Sarandi,61,-34.6227,-58.3938,#86A0DB
2019,Movilidad y transito,Comuna 3,Semaforo Petaonal,125,-34.61,-58.4018,#86A0DB
2019,Movilidad y transito,Comuna 3,Semaforo Belgrano y Pichincha ,132,-34.6143,-58.3988,#86A0DB
2019,Innovacion,Comuna 3,limpieza ,149,-34.6189,-58.4022,#DAB6CB
2019,Seguridad,Comuna 3,comuna 3 segura,176,-34.6102,-58.406,#E06658
2019,Seguridad,Comuna 3,camaras de Seguridad en balvanera,174,-34.6092,-58.4034,#E06658
2017,Movilidad y transito,Comuna 4,Se?alizacion electronica paradas de colectivos,348,-34.6535,-58.4019,#86A0DB
2017,Plazas y parques,Comuna 4,Arreglar la plaza frente al hospital casa cuna,229,-34.649,-58.3873,#85E45D
2017,Reciclado,Comuna 4,Contenedores reciclables en barracas,234,-34.6443,-58.3881,#7B9787
2017,Movilidad y transito,Comuna 4,Estacionamien to publico para bicis,187,-34.6455,-58.3959,#86A0DB
2017,Innovacion,Comuna 4,Torres de wi  fi en las plazas de pompeya,178,-34.652,-58.416,#DAB6CB
2017,Plazas y parques,Comuna 4,Renovacion de la plaza guillermo y alf#E06658o barbieri  tango y humor,363,-34.6397,-58.3992,#85E45D
2017,Deportes y calidad de vida,Comuna 4,Actividades en los parques para la tercera edad,287,-34.6452,-58.4096,#9DDBDF
2017,Movilidad y transito,Comuna 4,Semaforo en esteban de luca y brasil parque patricios,245,-34.6326,-58.4031,#86A0DB
2017,Plazas y parques,Comuna 4,Bebedero parque,211,-34.6498,-58.3745,#85E45D
2017,Deportes y calidad de vida,Comuna 4,Campa?a voluntaria,217,-34.6475,-58.4009,#9DDBDF
2017,Educacion,Comuna 4,Normal 5 barracas,295,-34.6432,-58.3874,#DDD7A9
2017,Plazas y parques,Comuna 4,Parque seguro,240,-34.6388,-58.4066,#85E45D
2017,Plazas y parques,Comuna 4,Barracas iluminada,284,-34.6441,-58.3767,#85E45D
2017,Deportes y calidad de vida,Comuna 4,Yoga en los barrios,254,-34.6478,-58.3979,#9DDBDF
2017,Ferias y Mercados,Comuna 4,Ba_ solo organic,223,-34.6448,-58.4013,#9573D9
2017,Deportes y calidad de vida,Comuna 4,Clases deportivas voluntarias,197,-34.6445,-58.3949,#9DDBDF
2018,Movilidad y transito,Comuna 4,ESTACION ECOBICI AVENIDA MONTES DE OCA AL 1200,239,-34.6419,-58.374,#86A0DB
2018,Innovacion,Comuna 4,#E06658 Wi Fi Parque de los Patricios,234,-34.6388,-58.4068,#DAB6CB
2018,Seguridad,Comuna 4,Seguridad,370,-34.6431,-58.3883,#E06658
2018,Seguridad,Comuna 4,Mas camaras de Seguridad en el barrio de Parque Patricios,379,-34.6396,-58.4053,#E06658
2018,Seguridad,Comuna 4,camaras de Seguridad,320,-34.6462,-58.3877,#E06658
2018,Seguridad,Comuna 4,Camaras de Seguridad,334,-34.6357,-58.4041,#E06658
2018,Movilidad y transito,Comuna 4,Ve#E06658as Nueva Pompeya,110,-34.6533,-58.4154,#86A0DB
2018,Seguridad,Comuna 4,INSTALAR CaMARAS DE Seguridad en toda la comuna,480,-34.6367,-58.3986,#E06658
2018,Movilidad y transito,Comuna 4,Ve#E06658as  Calle General Urquiza 1800,90,-34.6322,-58.4081,#86A0DB
2018,Movilidad y transito,Comuna 4,Rampa para reemplazar escalera  bajada de cordon y senda peatonal Ministro Brin al 500 esquina 20 de Setiembre,123,-34.6317,-58.3575,#86A0DB
2018,Mascotas,Comuna 4,CANILES PARA LAS PLAZAS DE BARRACAS,119,-34.6489,-58.3897,#D6D45C
2018,Seguridad,Comuna 4,Camara de Seguridad almafuerte y saenz,311,-34.6479,-58.4162,#E06658
2018,Plazas y parques,Comuna 4,Wifi en la plaza Malvinas,133,-34.6271,-58.3606,#85E45D
2018,Seguridad,Comuna 4,Seguridad barracas BRANDSEN,374,-34.6375,-58.3697,#E06658
2018,Movilidad y transito,Comuna 4,Arreglo de ve#E06658as barrio la boca  calle necochea y aristobulo del valle,141,-34.6325,-58.359,#86A0DB
2018,Seguridad,Comuna 4,Camaras de Seguridad La boca Necochea del rio a hospital argerich y las calles q cortan necochea,383,-34.6279,-58.3649,#E06658
2018,Movilidad y transito,Comuna 4,arreglo de verdedas rondo y la rioja,127,-34.636,-58.4058,#86A0DB
2018,Plazas y parques,Comuna 4,Construccion de canil,85,-34.6337,-58.3851,#85E45D
2018,Movilidad y transito,Comuna 4,Reparar Ve#E06658as calle Dean Funes al 2000,69,-34.6344,-58.4043,#86A0DB
2018,Movilidad y transito,Comuna 4,Alisar piso en el patio de folclore Monteagudo y Caseros,68,-34.6368,-58.4056,#86A0DB
2018,Movilidad y transito,Comuna 4,Reparen las ve#E06658as de Avenida Saenz al 300,69,-34.6452,-58.4162,#86A0DB
2018,Movilidad y transito,Comuna 4,Senda peatonal lisa para cruzar calles con empedrado,189,-34.64,-58.4001,#86A0DB
2018,Movilidad y transito,Comuna 4,Luneta en calle contramano,72,-34.6567,-58.4147,#86A0DB
2018,Movilidad y transito,Comuna 4,Mejorar la seguridad vial en Iriarte e Iguazu,146,-34.6506,-58.4046,#86A0DB
2018,Seguridad,Comuna 4,Aumento de Seguridad,345,-34.6282,-58.3638,#E06658
2018,Movilidad y transito,Comuna 4,Arreglo de ve#E06658as en Parque patricio,123,-34.6387,-58.4088,#86A0DB
2018,Seguridad,Comuna 4,Iluminacion  Camaras de Seguridad barracas,513,-34.647,-58.3885,#E06658
2018,Movilidad y transito,Comuna 4,Arreglo de calles y ve#E06658as calle de osvaldo cruz,85,-34.6558,-58.3887,#86A0DB
2018,Innovacion,Comuna 4,Punto WIFI Plaza Solis,116,-34.6345,-58.3552,#DAB6CB
2018,Plazas y parques,Comuna 4,Canil y mejoramiento espacio verde frente al H Garrahan,246,-34.6309,-58.392,#85E45D
2019,Movilidad y transito,Comuna 4,Semaforo Av Caseros y Urquiza,104,-34.6374,-58.4076,#86A0DB
2019,Plazas y parques,Comuna 4,Canchita Parque Patricios,117,-34.6391,-58.4072,#85E45D
2019,Seguridad,Comuna 4,Seguridad PARQUE PATRICIOS,135,-34.6376,-58.4058,#E06658
2019,Movilidad y transito,Comuna 4,Poner asientos en paradas de colectivos del hospital Argerich,102,-34.6279,-58.3657,#86A0DB
2019,Mascotas,Comuna 4,Parque para mascotas  Hptl Churruca atras,122,-34.6409,-58.4105,#D6D45C
2019,Seguridad,Comuna 4,Seguridad,196,-34.6443,-58.3883,#E06658
2017,Arte urbano,Comuna 5,Mejorar el espacio bajo la autopista 25 de mayo,383,-34.6283,-58.4215,BB45E0
2017,Arte urbano,Comuna 5,arte urbano,134,-34.619,-58.4168,BB45E0
2017,Movilidad y transito,Comuna 5,Se?alizacion electronica paradas de colectivos,466,-34.621,-58.4183,#86A0DB
2017,Deportes y calidad de vida,Comuna 5,Clases deportivas voluntarias,302,-34.6181,-58.4207,#9DDBDF
2017,Deportes y calidad de vida,Comuna 5,Clases de yoga para plaza boedo,288,-34.6224,-58.4127,#9DDBDF
2017,Arte urbano,Comuna 5,Murales para el arte urbano,158,-34.621,-58.4236,BB45E0
2017,Movilidad y transito,Comuna 5,Nuevos puntos y bicis en ecobici,245,-34.61867,-58.41889,#86A0DB
2017,Arte urbano,Comuna 5,Arte en pa#E06658es de almagro,225,-34.6087,-58.4224,BB45E0
2017,Ferias y Mercados,Comuna 5,Feria itinerante en calle constitucion entre 33 orientales y quintino bocayuva,174,-34.6288,-58.4216,#9573D9
2017,Plazas y parques,Comuna 5,Plaza con maquinas para ejercitar,172,-34.6217,-58.4251,#85E45D
2017,Movilidad y transito,Comuna 5,Campa?a uso y manejo sobre bicisendas (comuna 5),189,-34.62043529,-58.41889412,#86A0DB
2017,Educacion,Comuna 5,Renovar juegos del jardin,316,-34.6062,-58.419,#DDD7A9
2017,Plazas y parques,Comuna 5,Arboles en la plaza de almagro,293,-34.6061,-58.4189,#85E45D
2017,Arte urbano,Comuna 5,Mural av sanchez de bustamante y diaz velez,168,-34.6082,-58.4146,BB45E0
2017,Plazas y parques,Comuna 5,Maquinas para hacer ejercicios en plaza almagro,190,-34.6054,-58.4184,#85E45D
2017,Plazas y parques,Comuna 5,Agregar arboles en la plaza mariano boedo,297,-34.6225,-58.413,#85E45D
2017,Cultura,Comuna 5,Biblioteca vecina,221,-34.6063,-58.4191,#87E2A8
2017,Ferias y Mercados,Comuna 5,Ferias en la zona de almagro,285,-34.6087,-58.4235,#9573D9
2017,Innovacion,Comuna 5,Wifi para plaza almagro,336,-34.6062,-58.419,#DAB6CB
2017,Movilidad y transito,Comuna 5,Semaforo,486,-34.6222,-58.4191,#86A0DB
2017,Innovacion,Comuna 5,Wifi en plaza amaya,163,-34.6279,-58.4171,#DAB6CB
2017,Movilidad y transito,Comuna 5,Estacionamien to publico para bicis,278,-34.61749412,-58.42007059,#86A0DB
2017,Cultura,Comuna 5,Proyecto concientizador artistico fakto studio,56,-34.6159,-58.4216,#87E2A8
2018,Movilidad y transito,Comuna 5,Reparacion de ve#E06658a en Mitre y Bulnes,97,-34.611,-58.4185,#86A0DB
2018,Ferias y Mercados,Comuna 5,Puesta en valor   Centro comercial de Almagro Av Rivadavia y sus intersecciones,184,-34.6086,-58.4215,#9573D9
2018,Deportes y calidad de vida,Comuna 5,Actividades para adultos mayores y para jovenes,430,-34.6215,-58.4232,#9DDBDF
2018,Seguridad,Comuna 5,Mas camaras de Seguridad en el barrio de Boedo,450,-34.6306,-58.4192,#E06658
2018,Movilidad y transito,Comuna 5,Bicisendas don bosco 3600,225,-34.6123,-58.4168,#86A0DB
2018,Movilidad y transito,Comuna 5,Recambio o mejoras de las ve#E06658as,109,-34.6159,-58.4227,#86A0DB
2018,Seguridad,Comuna 5,Pedido de Camara Muniz Entre Cochabamba y San Juan,315,-34.6279,-58.4254,#E06658
2018,Movilidad y transito,Comuna 5,Semaforo Agrelo y Colombres,349,-34.6187,-58.4182,#86A0DB
2018,Movilidad y transito,Comuna 5,iluminacion seguridad y recontruccion de ve#E06658as calle colombres y don bosco,158,-34.6129,-58.4191,#86A0DB
2018,Movilidad y transito,Comuna 5,Sendas peatonales Alfano y Neuquen,146,-34.607,-58.4169,#86A0DB
2018,Movilidad y transito,Comuna 5,Seguridad colocacion semaforo reja protectora en Esc 16 DE 8 DrRamos Mejia,331,-34.6138,-58.4247,#86A0DB
2018,Seguridad,Comuna 5,CAMARAS DE Seguridad AV RIVADAVIA,375,-34.6114,-58.4205,#E06658
2019,Movilidad y transito,Comuna 5,Biblioteca publica plaza boedo,120,-34.6225,-58.4128,#86A0DB
2019,Reciclado,Comuna 5,Campa?a de Concientizacion,110,-34.6099,-58.4198,#7B9787
2019,Seguridad,Comuna 5,Seguridad barrio de Almagro,125,-34.6123,-58.4224,#E06658
2019,Seguridad,Comuna 5,Camaras de Seguridad Boedo y Carlos Calvo,169,-34.624,-58.4162,#E06658
2019,Educacion,Comuna 5,Huertas en colegios,114,-34.6237,-58.4205,#DDD7A9
2019,Movilidad y transito,Comuna 5,Semaforo peatonal,102,-34.6158,-58.42,#86A0DB
2017,Plazas y parques,Comuna 6,Nuevo parque y espacio verde en caballito al lado del club ferrocarril oeste,519,-34.62,-58.449,#85E45D
2017,Movilidad y transito,Comuna 6,Se?alizacion electronica paradas de colectivos,530,-34.6195,-58.442,#86A0DB
2017,Deportes y calidad de vida,Comuna 6,Clases deportivas voluntarias,395,-34.6185,-58.445,#9DDBDF
2017,Movilidad y transito,Comuna 6,Semaforo en pedro goyena y thompson,513,-34.6264,-58.4392,#86A0DB
2017,Plazas y parques,Comuna 6,Juegos para ni?os con discapacidad,479,-34.6146,-58.4584,#85E45D
2018,Movilidad y transito,Comuna 6,Camara multas en Av Rivadavia y Puan,189,-34.6238,-58.4489,#86A0DB
2018,Plazas y parques,Comuna 6,Colocar bebederos en el parque Centenario,327,-34.6076,-58.4346,#85E45D
2018,Movilidad y transito,Comuna 6,Mas estaciones de Eco Bici en Caballito,241,-34.6194,-58.4419,#86A0DB
2018,Movilidad y transito,Comuna 6,Rampas inclusivas primera junta hasta eva peron,144,-34.621,-58.441,#86A0DB
2018,Seguridad,Comuna 6,Seguridad barrios de caballito,679,-34.6292,-58.4396,#E06658
2018,Movilidad y transito,Comuna 6,Movilidad y Transito,231,-34.615,-58.4466,#86A0DB
2018,Deportes y calidad de vida,Comuna 6,Plazas y parques,281,-34.6083,-58.4369,#9DDBDF
2018,Movilidad y transito,Comuna 6,Puesta en Valor de av rivadavia y Rosario,166,-34.621,-58.441,#86A0DB
2018,Movilidad y transito,Comuna 6,Innovacion,168,-34.6166,-58.4322,#86A0DB
2018,Plazas y parques,Comuna 6,Iluminacion solar en parque centenario,397,-34.6053,-58.4362,#85E45D
2018,Movilidad y transito,Comuna 6,Extender #E06658 de estaciones Ecobici en Caballito Av Directorio Av Curapaligue,258,-34.6306,-58.4516,#86A0DB
2018,Movilidad y transito,Comuna 6,Semaforo con giro libre al puente de Ferro + arreglar cuneta,348,-34.6207,-58.4497,#86A0DB
2018,Cultura,Comuna 6,Construir una parada para el Tramway Historico de Buenos Aires,415,-34.6281,-58.4432,#87E2A8
2018,Deportes y calidad de vida,Comuna 6,Extender el horario de actividades de gimnasia en el Parque Centenario,212,-34.6054,-58.4344,#9DDBDF
2018,Seguridad,Comuna 6,Camaras de Seguridad Acoyte y Rivadavia,613,-34.6183,-58.4364,#E06658
2018,Movilidad y transito,Comuna 6,Senda peatonal de cruce Leopoldo Marechal esquina Franklin,214,-34.6078,-58.4378,#86A0DB
2018,Movilidad y transito,Comuna 6,Estacion de Ecobici en Plaza Irlanda,198,-34.6152,-58.4567,#86A0DB
2018,Movilidad y transito,Comuna 6,resolver los problemas de las calles calle guayaquil y riglo,258,-34.6211,-58.4369,#86A0DB
2018,Seguridad,Comuna 6,Camaras de Seguridad 24 hrs,246,-34.6126,-58.4341,#E06658
2018,Plazas y parques,Comuna 6,canillas en plazas plaza de Colpayo y Felipe Valleze,145,-34.6123,-58.4433,#85E45D
2018,Movilidad y transito,Comuna 6,Estaciones de ecobici en Plaza Irlanda y en Plaza 24 de Septiembre,200,-34.6068,-58.4483,#86A0DB
2018,Movilidad y transito,Comuna 6,puesta en valor esq acoyte y rivadavia,190,-34.6183,-58.4363,#86A0DB
2018,Seguridad,Comuna 6,camara de Seguridad av acoyte y yerbal,438,-34.6172,-58.4371,#E06658
2018,Seguridad,Comuna 6,Mayor vigilancia,584,-34.6115,-58.4353,#E06658
2018,Movilidad y transito,Comuna 6,Reparacion de Ve#E06658as Calle Av Rivadavia a la altura 5400 entre Cachimayo y Del Barco Centenera,111,-34.6161,-58.4312,#86A0DB
2018,Seguridad,Comuna 3,Camaras de Seguridad en el barrio de Balvanera,207,-34.6086,-58.3993,#E06658
2019,Seguridad,Comuna 6,Seguridad en Caballito,227,-34.6194,-58.4419,#E06658
2019,Movilidad y transito,Comuna 6,Instalacion de semaforos Hidalgo y Yerbal en barrio de Caballito,127,-34.6177,-58.4383,#86A0DB
2019,Deportes y calidad de vida,Comuna 6,Cor#E06658or Aerobico Parque Centenario,275,-34.6057,-58.4353,#9DDBDF
2017,Innovacion,Comuna 7,Area de wifi en plaza de los periodistas,143,-34.6211,-58.4726,#DAB6CB
2017,Movilidad y transito,Comuna 7,Se?alizacion electronica paradas de colectivos,445,-34.6411,-58.4477,#86A0DB
2017,Reciclado,Comuna 7,Limpieza de los contenedores,334,-34.6361,-58.4447,#7B9787
2017,Arte urbano,Comuna 7,Mural urbano en parque chacabuco,112,-34.6349,-58.4422,BB45E0
2017,Plazas y parques,Comuna 7,Plantacion de arboles sobre avenidas del barrio de flores,294,-34.6341,-58.4627,#85E45D
2017,Movilidad y transito,Comuna 7,Nuevos puntos y bicis en ecobici,283,-34.6411,-58.4427,#86A0DB
2017,Deportes y calidad de vida,Comuna 7,Polideportivo p chacabuco,323,-34.6359,-58.445,#9DDBDF
2017,Ferias y Mercados,Comuna 7,Ferias de barriales,180,-34.6381,-58.4467,#9573D9
2017,Plazas y parques,Comuna 7,Cestos de basura en pza echeandia (3100),142,-34.6451,-58.462,#85E45D
2017,Ferias y Mercados,Comuna 7,Ferias organicas,201,-34.6455,-58.4525,#9573D9
2017,Deportes y calidad de vida,Comuna 7,Campa?a voluntaria,209,-34.6431,-58.4517,#9DDBDF
2017,Plazas y parques,Comuna 7,Sector descanso y esparcimiento adultos mayores,246,-34.6344,-58.4425,#85E45D
2017,Plazas y parques,Comuna 7,Colocar arboles en gaona y bufano,150,-34.6173,-58.468,#85E45D
2017,Educacion,Comuna 7,Falta de pintura colegio,261,-34.6326,-58.4568,#DDD7A9
2017,Plazas y parques,Comuna 7,Luminaria led en el parque chacabuco,300,-34.6354,-58.4446,#85E45D
2017,Movilidad y transito,Comuna 7,Estacionamien to publico para bicis,201,-34.6401,-58.4437,#86A0DB
2017,Deportes y calidad de vida,Comuna 7,Restauracion de los clubes de barrio,355,-34.6321,-58.4461,#9DDBDF
2017,Deportes y calidad de vida,Comuna 7,Ampliar la oferta de yoga y streching gratuita en el barrio de parque chacabuco,192,-34.6387,-58.4389,#9DDBDF
2017,Innovacion,Comuna 7,Wi fi en plaza misericordia,201,-34.6331,-58.4559,#DAB6CB
2017,Deportes y calidad de vida,Comuna 7,Clases deportivas voluntarias,223,-34.6431,-58.4487,#9DDBDF
2017,Deportes y calidad de vida,Comuna 7,Yoga en plazas,245,-34.6435,-58.4423,#9DDBDF
2018,Movilidad y transito,Comuna 7,Estacion de ECOBICI en Parque Chacabuco,364,-34.6343,-58.4427,#86A0DB
2018,Seguridad,Comuna 7,Camaras de Seguridad en Flores,502,-34.6288,-58.4675,#E06658
2018,Seguridad,Comuna 7,camaras de Seguridad bajo flores,423,-34.6433,-58.4564,#E06658
2018,Movilidad y transito,Comuna 7,Semaforo con sensor para no videntes avenida rivadavia y camacua,426,-34.6276,-58.4588,#86A0DB
2018,Cultura,Comuna 7,Cursos de artesania para chicos discapacitados plaza flores,293,-34.6282,-58.4634,#87E2A8
2018,Cultura,Comuna 7,Promocion parque chacabuco arrio de flores norte,259,-34.6331,-58.4431,#87E2A8
2018,Seguridad,Comuna 7,camaras de Seguridad donato ,399,-34.6212,-58.4561,#E06658
2018,Plazas y parques,Comuna 7,Maquinas de ejercicio en plaza angel gris alvarez y av Avellaneda,210,-34.6226,-58.4568,#85E45D
2018,Movilidad y transito,Comuna 7,Senda peatonal en acceso a Rotonda Virreyes lado Quirno,205,-34.6382,-58.4681,#86A0DB
2018,Seguridad,Comuna 7,CAMARAS DE Seguridad CALLES SARAZA Y EMILIO MITRE,296,-34.6392,-58.4374,#E06658
2018,Seguridad,Comuna 7,Camaras de Seguridad en y al#E06658edores del parque chacabuco,488,-34.6368,-58.4458,#E06658
2018,Plazas y parques,Comuna 7,restauracion de la plaza perito moreno y varela,137,-34.6387,-58.4595,#85E45D
2018,Plazas y parques,Comuna 7,Bebedores de agua en la Pza de la Misericordia,200,-34.6324,-58.4558,#85E45D
2018,Plazas y parques,Comuna 7,Reparacion de la entrada de la Plaza Misericordia,116,-34.6323,-58.4566,#85E45D
2018,Plazas y parques,Comuna 7,Arboles nuevos calle Gregorio de la Ferrere 2740,216,-34.6378,-58.461,#85E45D
2018,Mascotas,Comuna 7,Caniles: Modificacion del piso y agregar juegos para perros,215,-34.6351,-58.442,#D6D45C
2018,Deportes y calidad de vida,Comuna 7,Ampliacion de actividades deportivas en el Parque Chacabuco,347,-34.6342,-58.4451,#9DDBDF
2018,Innovacion,Comuna 7,Renovar parada de colectivo Nasca y Gaona,197,-34.6205,-58.4742,#DAB6CB
2018,Plazas y parques,Comuna 7,Mejoramiento de la plaza misericordia,191,-34.633,-58.4558,#85E45D
2018,Plazas y parques,Comuna 7,Mejoramiento de la plaza misericordia,156,-34.6329,-58.4552,#85E45D
2018,Seguridad,Comuna 7,Camaras de Seguridad en el metrobus de Flores  Parque Chacabuco,517,-34.6317,-58.4424,#E06658
2018,Seguridad,Comuna 7,Camaras de Seguridad en plaza flores,529,-34.6284,-58.4643,#E06658
2018,Movilidad y transito,Comuna 7,Estacion EcoBici Flores Parque Chacabuco,356,-34.6346,-58.447,#86A0DB
2018,Plazas y parques,Comuna 7,Puestos de hidratacion  plazas de la zona de Flores,299,-34.6303,-58.4381,#85E45D
2018,Deportes y calidad de vida,Comuna 7,Maquinas para hacer ejercicio en Lautaro Plaza ubicada en Lautaro,108,-34.6323,-58.4554,#9DDBDF
2018,Innovacion,Comuna 7,Torre de WiFi en Parque Chacabuco,264,-34.6349,-58.4399,#DAB6CB
2018,Plazas y parques,Comuna 7,Cestos Plaza Angel Cris,185,-34.6218,-58.4566,#85E45D
2018,Cultura,Comuna 7,Anfiteatro Medalla Milagrosa,267,-34.635,-58.4468,#87E2A8
2018,Deportes y calidad de vida,Comuna 7,actividades saludables,377,-34.637,-58.4548,#9DDBDF
2018,Seguridad,Comuna 7,Camaras de Seguridad Parque Chacabuco,410,-34.6338,-58.4448,#E06658
2018,Ferias y Mercados,Comuna 7,Feria en flores sur Bulebar en la avenida carabobo,201,-34.6355,-58.4525,#9573D9
2018,Deportes y calidad de vida,Comuna 7,Posta aerobica,140,-34.6366,-58.4457,#9DDBDF
2018,Seguridad,Comuna 7,Seguridad EN FLORES EN LAS CALLES DE FLORES EXCLUSIVAMENTE EN CALLES VINIENDO DESDE LA VILLA 1114 Y TAMBIEN EN CALLES DEL HOSPITAL PINIEYRO,535,-34.6239,-58.4696,#E06658
2018,Seguridad,Comuna 7,Seguridad barrio de Flores,571,-34.6318,-58.463,#E06658
2018,Movilidad y transito,Comuna 7,Base en plazas de flores de ECOBICI Avellaneda y Donato Alvarez,291,-34.6212,-58.456,#86A0DB
2018,Plazas y parques,Comuna 7,BOULEVARD CARABOBO Y PASEO CULTURAL GASTRONOMICO,159,-34.6367,-58.4532,#85E45D
2019,Seguridad,Comuna 7,MAS CaMARAS DE Seguridad EN FLORES,168,-34.6285,-58.4612,#E06658
2019,Seguridad,Comuna 7,Camaras de Seguridad en Parque Chacabuco,117,-34.6324,-58.4429,#E06658
2019,Deportes y calidad de vida,Comuna 7,Cor#E06658or Aerobico Parque Chacabuco,232,-34.6345,-58.4427,#9DDBDF
2019,Movilidad y transito,Comuna 7,Estacion Medalla Milagrosa,119,-34.6364,-58.4502,#86A0DB
2019,Educacion,Comuna 7,Puestas en valor en las escuelas,100,-34.6352,-58.4536,#DDD7A9
2017,Plazas y parques,Comuna 8,Hacer pista de atletismo en la rotonda de escalada y casta?ares,268,-34.6645,-58.4693,#85E45D
2017,Arte urbano,Comuna 8,Mural de arte urbano en villa lugano,82,-34.6705,-58.4809,BB45E0
2017,Movilidad y transito,Comuna 8,Se?alizacion electronica paradas de colectivos,215,-34.6802,-58.4651,#86A0DB
2017,Educacion,Comuna 8,Barandales colegio Canto a la Vida,126,-34.6688,-58.4829,#DDD7A9
2017,Ferias y Mercados,Comuna 8,Alimentos libres de gluten,126,-34.6889,-58.4747,#9573D9
2017,Movilidad y transito,Comuna 8,Se?alizacion correspondien te a escuelas en villa soldati,178,-34.6644,-58.4423,#86A0DB
2017,Movilidad y transito,Comuna 8,Ampliacion cruce av escalada y dellepiane,283,-34.6624,-58.4731,#86A0DB
2017,Plazas y parques,Comuna 8,Aparatos para ejercicios para la tercera edad,251,-34.6609,-58.4474,#85E45D
2017,Innovacion,Comuna 8,Torre de wifi en la plaza de vila lugano,190,-34.674,-58.4787,#DAB6CB
2017,Deportes y calidad de vida,Comuna 8,Actividades en plazas y parques,327,-34.6761,-58.4418,#9DDBDF
2017,Deportes y calidad de vida,Comuna 8,Restauracion del club sportivo samore,239,-34.665,-58.4727,#9DDBDF
2017,Movilidad y transito,Comuna 8,Solicitud de semaforos en villa lugano,320,-34.6734,-58.4805,#86A0DB
2017,Deportes y calidad de vida,Comuna 8,Clases deportivas voluntarias,197,-34.6555,-58.4646,#9DDBDF
2017,Deportes y calidad de vida,Comuna 8,Campa?a voluntaria,185,-34.6782,-58.4601,#9DDBDF
2017,Arte urbano,Comuna 8,Mural infantil,66,-34.6904,-58.4637,BB45E0
2018,Innovacion,Comuna 8,Torre de wifi en la plaza mariano acosta,83,-34.6609,-58.4475,#DAB6CB
2018,Arte urbano,Comuna 8,pintemos Lugano Lugano 1 y 2,221,-34.6759,-58.4814,BB45E0
2018,Mascotas,Comuna 8,canil en plaza Sudamerica,74,-34.6882,-58.4753,#D6D45C
2018,Movilidad y transito,Comuna 8,Arreglo de ve#E06658a calle corrales,41,-34.6566,-58.4325,#86A0DB
2018,Seguridad,Comuna 8,Seguridad e iluminacion villa lugano,271,-34.6755,-58.4757,#E06658
2018,Seguridad,Comuna 8,Camara de Seguridad barrio de Villa Riachuelo,170,-34.6912,-58.4705,#E06658
2018,Seguridad,Comuna 8,Mas camaras de Seguridad en el barrio de Villa Riachuelo,171,-34.6904,-58.4653,#E06658
2018,Mascotas,Comuna 8,Caniles en Villa Lugano plazas y parques del barrio de Villa Lugano,117,-34.674,-58.4788,#D6D45C
2018,Seguridad,Comuna 8,Seguridad,207,-34.6737,-58.4757,#E06658
2018,Movilidad y transito,Comuna 8,MEJORAR ILUMINACIoN  LARRAZABAL DESDE Av DELLEPIANE,184,-34.6723,-58.4776,#86A0DB
2018,Ferias y Mercados,Comuna 8,Feria Sudamerica plaza de Avenida cruz y piedrabuena,122,-34.6876,-58.4753,#9573D9
2018,Ferias y Mercados,Comuna 8,FERIAS DE LA CIUDAD EN PLAZA SKANDERBERG( ex de los Milagros),95,-34.668,-58.4816,#9573D9
2018,Seguridad,Comuna 8,Camaras de Seguridad,204,-34.6778,-58.4704,#E06658
2018,Seguridad,Comuna 8,camaras de Seguridad calle murguiondo al 4700,174,-34.6617,-58.4955,#E06658
2018,Seguridad,Comuna 8,canaras de Seguridad Seguridad para lugano 1 y 2,187,-34.6771,-58.4773,#E06658
2018,Seguridad,Comuna 8,SI NOS VEN NOS CUIDAN,241,-34.6762,-58.4668,#E06658
2018,Plazas y parques,Comuna 8,Plazas y luminarias Barrio Copello,188,-34.6673,-58.4759,#85E45D
2018,Movilidad y transito,Comuna 8,Sendas Peatonles Facultad de Tecnologia,177,-34.6786,-58.4642,#86A0DB
2018,Seguridad,Comuna 8,Camara espacios verdes de Lugano,198,-34.677,-58.4761,#E06658
2018,Seguridad,Comuna 8,Camara en Parque Indoamericano,182,-34.6636,-58.4635,#E06658
2018,Cultura,Comuna 8,Toma 1 libro deja 1 libro Villa Soldati y Villa Lugano,146,-34.6667,-58.444,#87E2A8
2018,Movilidad y transito,Comuna 9,Ve#E06658a rota Corrales entre Saladillo y General Paz,25,-34.6685,-58.5072,#86A0DB
2018,Innovacion,Comuna 8,wifi gratis estacion de lugano,111,-34.6772,-58.4769,#DAB6CB
2018,Seguridad,Comuna 8,Seguridad en Villa Lugano,301,-34.6742,-58.4795,#E06658
2018,Seguridad,Comuna 8,mayor Seguridad en la comuna 8,264,-34.6815,-58.4771,#E06658
2018,Seguridad,Comuna 8,Camaras de Seguridad Villa Soldati,182,-34.6637,-58.4413,#E06658
2018,Innovacion,Comuna 8,torre Wi Fi Wi Fi de BA en la plaza Sudamerica,100,-34.6886,-58.4749,#DAB6CB
2018,Mascotas,Comuna 8,podrian poner un canil en el Barrio Nagera hay muchos animalitos,89,-34.6667,-58.4703,#D6D45C
2018,Seguridad,Comuna 8,camaras de Seguridad zona de lacarra y av cruz,167,-34.6651,-58.4501,#E06658
2018,Seguridad,Comuna 8,Seguridad En lafuente al 2700,147,-34.6514,-58.4546,#E06658
2019,Seguridad,Comuna 8,Camaras de Seguridad en comuna 8,179,-34.6772,-58.4773,#E06658
2019,Innovacion,Comuna 8,Punto BA WIFI Nicolas Granada plaza,126,-34.674,-58.4786,#DAB6CB
2019,Plazas y parques,Comuna 8,Asfaltar Plaza Nicolas Granada Inclusiva   Villa Lugano,216,-34.6747,-58.4785,#85E45D
2019,Seguridad,Comuna 8,Seguridad en Lugano,217,-34.6737,-58.4757,#E06658
2017,Plazas y parques,Comuna 9,Puesta en valor y mejoras de las entradas al parque nicolas avellaneda,400,-34.6454,-58.48,#85E45D
2017,Plazas y parques,Comuna 9,Circuito aerobico parque avellaneda,1024,-34.648,-58.4747,#85E45D
2017,Innovacion,Comuna 9,Wifi en la plaza olivera,126,-34.6476,-58.4837,#DAB6CB
2017,Educacion,Comuna 9,Pintar la escuela n? 24,257,-34.6462,-58.4904,#DDD7A9
2017,Deportes y calidad de vida,Comuna 9,Mas equipamiento en polideportivo dorrego,118,-34.6673,-58.4964,#9DDBDF
2017,Innovacion,Comuna 9,Torre de wifi en fragata trinidad y acassuso,83,-34.6567,-58.5221,#DAB6CB
2017,Movilidad y transito,Comuna 9,Semaforo en av eva peron y pola,248,-34.662,-58.485,#86A0DB
2017,Movilidad y transito,Comuna 9,Estacionamien to publico para bicis,142,-34.6614,-58.4959,#86A0DB
2017,Deportes y calidad de vida,Comuna 9,Actividades en plazas y parques,287,-34.6575,-58.5203,#9DDBDF
2017,Innovacion,Comuna 9,#E06658es de wifi en plazas y parques,272,-34.6577,-58.5069,#DAB6CB
2018,Plazas y parques,Comuna 9,Iluminacion LED en Parque Avellaneda Lacarra y Directorio,435,-34.6414,-58.4799,#85E45D
2018,Movilidad y transito,Comuna 9,Puesta en valor avenida Lacarra directorio hasta la AV Eva Peron,461,-34.6491,-58.4702,#86A0DB
2018,Seguridad,Comuna 9,camaras de Seguridad barrio de mataderos,307,-34.6573,-58.5026,#E06658
2018,Deportes y calidad de vida,Comuna 9,RESTAURAR PISTA DE ATLETISMO PARQUE AVELLANEDA,817,-34.6454,-58.4768,#9DDBDF
2018,Movilidad y transito,Comuna 9,Semaforo en Av Bilbao Y Pergamino,575,-34.642,-58.4703,#86A0DB
2018,Seguridad,Comuna 9,CAMARAS DE Seguridad,341,-34.6445,-58.5191,#E06658
2018,Seguridad,Comuna 9,Camaras de Seguridad en liniers zona de colectora,293,-34.6391,-58.5197,#E06658
2018,Seguridad,Comuna 9,Seguridad La villa,302,-34.6561,-58.5007,#E06658
2018,Movilidad y transito,Comuna 9,Larraya 2500,102,-34.6619,-58.4886,#86A0DB
2018,Movilidad y transito,Comuna 9,Colocar baldosas en las ve#E06658as en Oliden entre Ramon Falcon y av Rivadavia,131,-34.6405,-58.5171,#86A0DB
2018,Seguridad,Comuna 9,camaras de Seguridad,233,-34.6457,-58.5216,#E06658
2018,Seguridad,Comuna 9,Camaras de Seguridad,378,-34.6481,-58.5131,#E06658
2018,Movilidad y transito,Comuna 9,garitas de colectivo,374,-34.6514,-58.5063,#86A0DB
2018,Movilidad y transito,Comuna 9,Refugio para parada de colectivos De la Madre plaza,316,-34.6497,-58.5158,#86A0DB
2018,Plazas y parques,Comuna 9,Bebederos en el parque avellaneda,452,-34.6456,-58.4774,#85E45D
2018,Seguridad,Comuna 9,camaras de Seguridad araujo hasta olivera,216,-34.6468,-58.4842,#E06658
2018,Seguridad,Comuna 9,Seguridad (Mataderos) RODO y MONTIEL,128,-34.6636,-58.5101,#E06658
2018,Seguridad,Comuna 9,Seguridad (Mataderos) Rodo Jose y Carhue,242,-34.6623,-58.5085,#E06658
2018,Seguridad,Comuna 9,Camaras de Seguridad espacios verdes,439,-34.6614,-58.4985,#E06658
2018,Cultura,Comuna 9,Participacion de la Comuna 9 en la Noche de los Museos,151,-34.6424,-58.4799,#87E2A8
2018,Seguridad,Comuna 9,Mas Seguridad calle Mozart y Bilbao,224,-34.651,-58.4805,#E06658
2018,Seguridad,Comuna 9,Cameras de Seguridad Gregorio de laferrere  Avenida La Salle y Avenida escalada,228,-34.6529,-58.4852,#E06658
2018,Seguridad,Comuna 9,Seguridad para cruzar el puente que cruza la autopista ubicado en la calle monte,308,-34.6548,-58.4804,#E06658
2018,Seguridad,Comuna 9,Camaras de Seguridad en zonas de riesgo en Liniers,339,-34.6427,-58.5203,#E06658
2018,Seguridad,Comuna 9,camaras de Seguridad,208,-34.6476,-58.4734,#E06658
2019,Movilidad y transito,Comuna 9,paradas de colectivos,108,-34.6572,-58.5066,#86A0DB
2019,Seguridad,Comuna 9,camaras de Seguridad mataderos,139,-34.6575,-58.5007,#E06658
2019,Plazas y parques,Comuna 9,Renovacion del Espacio de juegos en Parque Avellaneda,105,-34.6453,-58.4769,#85E45D