ano;categoria;comuna;titulo;votos
2017;Plazas y parques;Comuna 12;Pista de ciclismo en el parque sarmiento;615
2017;Cultura;Comuna 3;CIRCUITO CULTURAL;250
2017;Cultura;Comuna 12;Ayudas para hipoacúsicos, eliminando barreras;327
2017;Plazas y parques;Comuna 11;Plaza arenales inclusión a personas con discapacidades;361
2017;Plazas y parques;Comuna 8;Hacer pista de atletismo en la rotonda de escalada y castañares;268
2017;Plazas y parques;Comuna 10;Plantación de árboles;230
2017;Educación;Comuna 11;Paneles solares en institucione s educativas de gestion publica.;511
2017;Educación;Comuna 13;Instalación de paneles solares en escuelas publicas;433
2017;Educación;Comuna 2;Huertas y jardines en la escuela normal 1;413
2017;Plazas y parques;Comuna 9;Puesta en valor y mejoras de las entradas al parque nicolas avellaneda.;400
2017;Arte urbano;Comuna 5;Mejorar el espacio bajo la autopista 25 de mayo.;383
2017;Plazas y parques;Comuna 1;Seguridad y salud;153
2017;Arte urbano;Comuna 8;Mural de arte urbano en villa lugano;82
2017;Arte urbano;Comuna 5;arte urbano;134
2017;Arte urbano;Comuna 3;Pintar las paredes de ayacucho y av. rivadavia;108
2017;Innovación;Comuna 7;Area de wifi en plaza de los periodistas;143
2017;Plazas y parques;Comuna 9;Circuito aeróbico parque avellaneda;1024
2017;Plazas y parques;Comuna 6;Nuevo parque y espacio verde en caballito al lado del club ferrocarril oeste;519
2017;Ferias y Mercados;Comuna 1;Creaciòn mercado central en retiro;217
2017;Movilidad y tránsito;Comuna 4;Señalización electrónica paradas de colectivos;348
2017;Movilidad y tránsito;Comuna 15;Señalización electrónica paradas de colectivos;380
2017;Movilidad y tránsito;Comuna 11;Señalización electrónica paradas de colectivos;497
2017;Movilidad y tránsito;Comuna 10;Señalización electrónica paradas de colectivos;379
2017;Movilidad y tránsito;Comuna 14;Señalización electrónica paradas de colectivos;610
2017;Movilidad y tránsito;Comuna 12;Señalización electrónica paradas de colectivos;469
2017;Movilidad y tránsito;Comuna 3;Señalización electrónica paradas de colectivos;349
2017;Movilidad y tránsito;Comuna 7;Señalización electrónica paradas de colectivos;445
2017;Movilidad y tránsito;Comuna 5;Señalización electrónica paradas de colectivos;466
2017;Movilidad y tránsito;Comuna 1;Seguridad peatonal y vehicular en cruce av. san juan y av. nueve de julio.;307
2017;Movilidad y tránsito;Comuna 6;Señalización electrónica paradas de colectivos.;530
2017;Movilidad y tránsito;Comuna 2;Señalización electrónica paradas de colectivos.;601
2017;Movilidad y tránsito;Comuna 13;Señalización electrónica paradas de colectivos;551
2017;Movilidad y tránsito;Comuna 8;Señalización electrónica paradas de colectivos;215
2017;Movilidad y tránsito;Comuna 10;Bicicendas en la comuna 10;164
2017;Cultura;Comuna 13;Bibliotecas ambulantes ( book truks );397
2017;Plazas y parques;Comuna 3;Iluminación en plaza miserere (once);387
2017;Deportes y calidad de vida;Comuna 1;Yoga en los parques;263
2017;Deportes y calidad de vida;Comuna 11;Promoción de la actividad física;359
2017;Movilidad y tránsito;Comuna 15;Semáforo en comuna 15;258
2017;Deportes y calidad de vida;Comuna 5;Clases deportivas voluntarias;302
2017;Ferias y Mercados;Comuna 1;Horario de las ferias;148
2017;Innovación;Comuna 9;Wifi en la plaza olivera;126
2017;Movilidad y tránsito;Comuna 14;Campaña de educación vial para ciclistas.;346
2017;Plazas y parques;Comuna 4;Arreglar la plaza frente al hospital casa cuna;229
2017;Reciclado;Comuna 7;Limpieza de los contenedores.;334
2017;Plazas y parques;Comuna 14;Arbolado urbano;439
2017;Arte urbano;Comuna 1;Mural en chacabuco al 800;93
2017;Deportes y calidad de vida;Comuna 14;Fomentar la practica del ajedrez en plazas y parques;296
2017;Movilidad y tránsito;Comuna 11;Instalación de semáforo en avenida beiró y quevedo;413
2017;Educación;Comuna 8;Barandales;126
2017;Plazas y parques;Comuna 14;Parque de voley playa;355
2017;Movilidad y tránsito;Comuna 1;Lugares para dejar la bicicleta;207
2017;Plazas y parques;Comuna 2;Mas bebederos en las plazas/parque s;358
2017;Arte urbano;Comuna 2;Arte urbano;241
2017;Plazas y parques;Comuna 1;Iluminacion para la plazoleta de monserrat;140
2017;Educación;Comuna 9;Pintar la escuela n° 24;257
2017;Reciclado;Comuna 4;Contenedores reciclables en barracas;234
2017;Plazas y parques;Comuna 1;Equipamiento de gimnasia reserva costanera sur;157
2017;Deportes y calidad de vida;Comuna 5;Clases de yoga para plaza boedo;288
2017;Movilidad y tránsito;Comuna 1;Señalización electrónica paradas de colectivos;368
2017;Arte urbano;Comuna 5;Murales para el arte urbano;158
2017;Deportes y calidad de vida;Comuna 9;Más equipamiento en polideportivo dorrego;118
2017;Reciclado;Comuna 2;Limpieza semanal a los contenedores.;392
2017;Movilidad y tránsito;Comuna 5;Nuevos puntos y bicis en ecobici;245
2017;Movilidad y tránsito;Comuna 3;Semáforo en valentín gómez y ecuador;279
2017;Arte urbano;Comuna 2;Arte urbano;241
2017;Arte urbano;Comuna 7;Mural urbano en parque chacabuco;112
2017;Arte urbano;Comuna 3;Intervencion artistica en las paredes de balvanera.;193
2017;Arte urbano;Comuna 5;Arte en paredes de almagro;225
2017;Innovación;Comuna 13;Wi fi en la pza. barrancas de belgrano.;509
2017;Innovación;Comuna 9;Torre de wifi en fragata trinidad y acassuso;83
2017;Plazas y parques;Comuna 2;Plaza rodriguez peña;298
2017;Ferias y Mercados;Comuna 8;Alimentos libres de gluten;126
2017;Ferias y Mercados;Comuna 5;Feria itinerante en calle constitución, entre 33 orientales y quintino bocayuva;174
2017;Movilidad y tránsito;Comuna 13;Paradas ecológicas. metrobus cabildo. cargadores de bateria.;386
2017;Reciclado;Comuna 12;Programa de puntos rewards - basura cero;522
2017;Movilidad y tránsito;Comuna 13;Estacionamien to público para bicis;418
2017;Plazas y parques;Comuna 10;Iluminacion en plaza san pedro;166
2017;Deportes y calidad de vida;Comuna 6;Clases deportivas voluntarias;395
2017;Ferias y Mercados;Comuna 13;Feria de productore s;510
2017;Innovación;Comuna 1;Wifi en la plaza dos congresos;184
2017;Ferias y Mercados;Comuna 2;Mas días ferias en recoleta;344
2017;Movilidad y tránsito;Comuna 2;Campaña de consientizació n para los ciclistas de recoleta.;294
2017;Mascotas;Comuna 10;Dispenser de eco bolsas para mascotas;254
2017;Movilidad y tránsito;Comuna 9;Semáforo en av. eva perón y pola;248
2017;Cultura;Comuna 1;Lezama cultural;172
2017;Movilidad y tránsito;Comuna 3;Semaforo para no videntes en la estacion de once;361
2017;Plazas y parques;Comuna 14;Iluminacion en las plazas;308
2017;Movilidad y tránsito;Comuna 6;Semáforo en pedro goyena y thompson.;513
2017;Plazas y parques;Comuna 7;Plantación de arboles sobre avenidas del barrio de flores;294
2017;Educación;Comuna 11;Puesta en valor del colegio agustín p. nores;277
2017;Reciclado;Comuna 11;Limpieza semanal a los contenedores.;424
2017;Educación;Comuna 15;Restauracion de la escuela 23 para una mejor vista;220
2017;Plazas y parques;Comuna 5;Plaza con maquinas para ejercitar;172
2017;Movilidad y tránsito;Comuna 4;Estacionamien to público para bicis;187
2017;Movilidad y tránsito;Comuna 5;Campaña uso y manejo sobre bicisendas (comuna 5);189
2017;Movilidad y tránsito;Comuna 9;Estacionamien to público para bicis;142
2017;Ferias y Mercados;Comuna 2;Ferias en la ciudad;306
2017;Movilidad y tránsito;Comuna 8;Señalizacion correspondien te a escuelas en villa soldati;178
2017;Plazas y parques;Comuna 6;Juegos para niños con discapacidad;479
2017;Innovación;Comuna 4;Torres de wi- fi en las plazas de pompeya;178
2017;Deportes y calidad de vida;Comuna 3;Clases deportivas voluntarias;282
2017;Reciclado;Comuna 15;Programa de beneficios para seguir reciclando;292
2017;Plazas y parques;Comuna 4;Renovación de la plaza guillermo y alfredo barbieri . tango y humor;363
2017;Movilidad y tránsito;Comuna 2;Estacionamien to público para bicis;352
2017;Movilidad y tránsito;Comuna 15;Estacionamien to público para bicis;239
2017;Innovación;Comuna 12;Wi fi libre;310
2017;Movilidad y tránsito;Comuna 12;Colocación de semáforo en calle altolaguirr e cruce con olazabal;483
2017;Movilidad y tránsito;Comuna 7;Nuevos puntos y bicis en ecobici;283
2017;Movilidad y tránsito;Comuna 12;Ordenar el transporte publico sobre constituyen tes y general paz;417
2017;Plazas y parques;Comuna 10;Mas iluminacion en la plaza dr. juan b teran;199
2017;Plazas y parques;Comuna 2;Aparatos de ejercicio;220
2017;Innovación;Comuna 15;Wifi libre para la plaza 25 de agosto;133
2017;Educación;Comuna 13;En escuelas primarias enseñanza de huerto vertical con elementos reciclables;489
2017;Movilidad y tránsito;Comuna 8;Ampliacion cruce av. escalada y dellepiane;283
2017;Ferias y Mercados;Comuna 3;Feria de consumo de alimentos en la plaza congreso;120
2017;Deportes y calidad de vida;Comuna 2;Clases de yoga gratuitas en la plazas;469
2017;Ferias y Mercados;Comuna 1;Ferias para consumo en congreso;159
2017;Educación;Comuna 5;Renovar juegos del jardín.;316
2017;Plazas y parques;Comuna 8;Aparatos para ejercicios para la tercera edad;251
2017;Educación;Comuna 3;Juegos seguros para el jardín de infantes del normal 8;314
2017;Deportes y calidad de vida;Comuna 7;Polideportivo p. chacabuco;323
2017;Mascotas;Comuna 14;Parque de mascotas;296
2017;Plazas y parques;Comuna 5;Arboles en la plaza de almagro;293
2017;Deportes y calidad de vida;Comuna 13;Yoga para todos;411
2017;Cultura;Comuna 3;Biblioteca en la plaza;238
2017;Deportes y calidad de vida;Comuna 14;Actividades en plazas y parques;305
2017;Reciclado;Comuna 10;Contenedor es de reciclados;194
2017;Ferias y Mercados;Comuna 3;Agregar dias, ampliación horarios de las ferias comunitarias;204
2017;Innovación;Comuna 8;Torre de wifi en la plaza de vila lugano;190
2017;Deportes y calidad de vida;Comuna 10;Actividades en plazas y parques;363
2017;Deportes y calidad de vida;Comuna 9;Actividades en plazas y parques;287
2017;Arte urbano;Comuna 5;Mural av. sánchez de bustamante y díaz velez;168
2017;Movilidad y tránsito;Comuna 3;Ciclovia en balvanera;165
2017;Deportes y calidad de vida;Comuna 8;Actividades en plazas y parques;327
2017;Plazas y parques;Comuna 3;Iluminación en la plaza de balvanera;324
2017;Movilidad y tránsito;Comuna 3;Semáforos para ciegos;345
2017;Reciclado;Comuna 13;Campaña educativa para el reciclaje;278
2017;Reciclado;Comuna 3;Difusión de normas de higiene urbana y uso espacio público en balvanera;236
2017;Deportes y calidad de vida;Comuna 12;Yoga en villa urquiza;315
2017;Ferias y Mercados;Comuna 7;Ferias de barriales;180
2017;Plazas y parques;Comuna 5;Maquinas para hacer ejercicios en plaza almagro.;190
2017;Reciclado;Comuna 1;Mas puntos de reciclado;248
2017;Deportes y calidad de vida;Comuna 8;Restauración del club sportivo samore;239
2017;Deportes y calidad de vida;Comuna 1;Campaña voluntaria;107
2017;Deportes y calidad de vida;Comuna 4;Actividades en los parques para la tercera edad;287
2017;Movilidad y tránsito;Comuna 4;Semáforo en esteban de luca y brasil, parque patricios;245
2017;Innovación;Comuna 9;Redes de wifi en plazas y parques;272
2017;Ferias y Mercados;Comuna 1;Feria de orgánicos en retiro;185
2017;Plazas y parques;Comuna 5;Agregar árboles en la plaza mariano boedo;297
2017;Educación;Comuna 13;Pintura para la escuela de belgrano;388
2017;Plazas y parques;Comuna 4;Bebedero parque;211
2017;Deportes y calidad de vida;Comuna 4;Campaña voluntaria;217
2017;Plazas y parques;Comuna 7;Cestos de basura en pza. echeandia (3100);142
2017;Educación;Comuna 4;Normal 5 barracas;295
2017;Deportes y calidad de vida;Comuna 3;Campaña voluntaria;318
2017;Arte urbano;Comuna 3;Murales en pza martin fierro;176
2017;Cultura;Comuna 5;Biblioteca vecina;221
2017;Movilidad y tránsito;Comuna 10;Semáforo en bruselas y simbron.;230
2017;Ferias y Mercados;Comuna 5;Ferias en la zona de almagro;285
2017;Deportes y calidad de vida;Comuna 10;Campaña voluntaria;207
2017;Innovación;Comuna 13;Wifi en plaza castelli;301
2017;Ferias y Mercados;Comuna 7;Ferias orgánicas;201
2017;Plazas y parques;Comuna 13;Juegos para los chicos en la plaza castelli;260
2017;Deportes y calidad de vida;Comuna 7;Campaña voluntaria;209
2017;Plazas y parques;Comuna 7;Sector descanso y esparcimiento adultos mayores;246
2017;Plazas y parques;Comuna 11;Espacios recreativos y jardines al costado de las vías del tren.;486
2017;Deportes y calidad de vida;Comuna 13;Kung fu en parques;184
2017;Deportes y calidad de vida;Comuna 13;Clases deportivas voluntarias;346
2017;Plazas y parques;Comuna 3;Mejorar la iluminación de la plaza martín fierro.;278
2017;Movilidad y tránsito;Comuna 1;Arreglo de veredas;194
2017;Plazas y parques;Comuna 15;Circuito running y creación de posta aeróbica en agronomía;293
2017;Plazas y parques;Comuna 7;Colocar arboles en gaona y bufano;150
2017;Educación;Comuna 7;Falta de pintura;261
2017;Deportes y calidad de vida;Comuna 13;Campaña voluntaria;263
2017;Innovación;Comuna 10;Torre de wifi en pza. vélez sarsfield;180
2017;Reciclado;Comuna 14;Fomentación sobre el reciclado en palermo;335
2017;Plazas y parques;Comuna 4;Parque seguro;240
2017;Plazas y parques;Comuna 4;Barracas iluminada;284
2017;Deportes y calidad de vida;Comuna 15;Clases deportivas voluntarias;199
2017;Ferias y Mercados;Comuna 3;Ferias y mercados;196
2017;Educación;Comuna 13;Pintura para la escuela número 3 (colegiales);486
2017;Educación;Comuna 13;Instalación de paneles solares en escuelas publicas;455
2017;Plazas y parques;Comuna 7;Luminaria led en el parque chacabuco;300
2017;Movilidad y tránsito;Comuna 8;Solicitud de semaforos en villa lugano;320
2017;Innovación;Comuna 5;Wifi para plaza almagro.;336
2017;Deportes y calidad de vida;Comuna 8;Clases deportivas voluntarias;197
2017;Movilidad y tránsito;Comuna 14;Estacionamien to público para bicis;301
2017;Movilidad y tránsito;Comuna 5;Semáforo;486
2017;Arte urbano;Comuna 3;Murales en todas las persianas de los locales de once;173
2017;Ferias y Mercados;Comuna 2;Ferias de consumo en recoleta;432
2017;Deportes y calidad de vida;Comuna 4;Yoga en los barrios;254
2017;Innovación;Comuna 5;Wifi en plaza amaya;163
2017;Movilidad y tránsito;Comuna 15;Restauración puente av. san martín y sus alrededores;276
2017;Ferias y Mercados;Comuna 11;Feria permanente de abastecimient o barrial;328
2017;Deportes y calidad de vida;Comuna 8;Campaña voluntaria;185
2017;Reciclado;Comuna 3;Carteles que informen las consecuencias de arrojar la basura en la calle;184
2017;Movilidad y tránsito;Comuna 1;Mayor cantidad de puntos de ecobicis.;178
2017;Innovación;Comuna 1;Wifi;282
2017;Ferias y Mercados;Comuna 10;Productos organicos;196
2017;Plazas y parques;Comuna 3;Implementar maquinas de ejercicio plaza primero de mayo;309
2017;Movilidad y tránsito;Comuna 7;Estacionamien to público para bicis;201
2017;Ferias y Mercados;Comuna 4;Ba_ solo orgánic;223
2017;Reciclado;Comuna 1;Limpieza semanal a los contenedores.;391
2017;Reciclado;Comuna 13;Limpieza semanal a los contenedores.;431
2017;Movilidad y tránsito;Comuna 15;Mejorar la parada de colectivo del hosp. dr. e. tornú.;389
2017;Educación;Comuna 2;Arreglar las baldosas del patio del 3 piso en el normal 1;461
2017;Movilidad y tránsito;Comuna 14;Semáforo en godoy cruz y segui;313
2017;Educación;Comuna 15;Pintar la escuela n° 26/15;234
2017;Deportes y calidad de vida;Comuna 14;Campaña voluntaria;265
2017;Deportes y calidad de vida;Comuna 15;Campaña voluntaria;267
2017;Plazas y parques;Comuna 10;Luminarias en pza. vélez sarsfield;191
2017;Movilidad y tránsito;Comuna 5;Estacionamien to público para bicis;278
2017;Innovación;Comuna 15;Torres de wifi en la plaza gurruchaga.;142
2017;Deportes y calidad de vida;Comuna 11;Campaña voluntaria;238
2017;Educación;Comuna 3;Colegio n14 juan josé paso;264
2017;Arte urbano;Comuna 8;Mural infantil;66
2017;Cultura;Comuna 5;Proyecto concientizador artístico fakto studio.;56
2017;Deportes y calidad de vida;Comuna 7;Restauración de los clubes de barrio;355
2017;Cultura;Comuna 12;Intercambio de libros;431
2017;Educación;Comuna 11;Generador eólico en escueles técnicas;437
2017;Deportes y calidad de vida;Comuna 15;Buenos aires en movimiento;218
2017;Ferias y Mercados;Comuna 15;Ferias itinerantes en la comuna 15;245
2017;Deportes y calidad de vida;Comuna 2;Clases deportivas voluntarias;310
2017;Deportes y calidad de vida;Comuna 7;Ampliar la oferta de yoga y streching gratuita en el barrio de parque chacabuco;192
2017;Ferias y Mercados;Comuna 3;Ferias en balvanera para los vecinos;117
2017;Deportes y calidad de vida;Comuna 1;Clases deportivas voluntarias;247
2017;Arte urbano;Comuna 1;Proyecto persiana;220
2017;Plazas y parques;Comuna 13;Uso de energía solar en plazas y parques;852
2017;Arte urbano;Comuna 14;Pintar las paredes de palermo;280
2017;Deportes y calidad de vida;Comuna 4;Clases deportivas voluntarias;197
2017;Arte urbano;Comuna 13;Intervencion persianas en comercios de la comuna 13:belgrano, colegiales, nuñez;262
2017;Ferias y Mercados;Comuna 14;Productos organicos;260
2017;Movilidad y tránsito;Comuna 10;Reordenamien to vehicular;274
2017;Innovación;Comuna 7;Wi-fi en plaza misericordia.;201
2017;Deportes y calidad de vida;Comuna 7;Clases deportivas voluntarias;223
2017;Ferias y Mercados;Comuna 2;Feria para los vecinos;280
2017;Innovación;Comuna 14;Seguí conectados incluso al aire libre;294
2017;Deportes y calidad de vida;Comuna 7;Yoga en plazas;245
2018;Movilidad y tránsito;Comuna 7;Estación de ECOBICI en Parque Chacabuco;364
2018;Innovación;Comuna 8;Torre de wifi en la plaza mariano acosta;83
2018;Plazas y parques;Comuna 9;Iluminación LED en Parque Avellaneda;435
2018;Movilidad y tránsito;Toda la ciudad;Aviso de multas a la vista;859
2018;Reciclado;Comuna 15;Puesta en valor de las veredas en Corrientes y estado de israel;113
2018;Arte urbano;Comuna 10;Mural decorativo;151
2018;Movilidad y tránsito;Comuna 13;BICICLETAS;429
2018;Innovación;Comuna 2;Instalar torres de wifi;200
2018;Plazas y parques;Comuna 15;Crear una plaza en Av Córdoba y Santos Dumont;165
2018;Plazas y parques;Comuna 1;Plaza Constitución más activa;234
2018;Plazas y parques;Comuna 10;Plaza en Bacacay y Bermudez;106
2018;Movilidad y tránsito;Comuna 6;Cámara multas en Av. Rivadavia y Puán;189
2018;Movilidad y tránsito;Comuna 4;ESTACION ECOBICI AVENIDA MONTES DE OCA AL 1200;239
2018;Plazas y parques;Comuna 6;Colocar bebederos en el parque Centenario;327
2018;Movilidad y tránsito;Toda la ciudad;Demarcar las paradas de colectivo;573
2018;Cultura;Comuna 14;ctividades de arte para jubilados y mas difusión de dicho tema;339
2018;Seguridad;Comuna 14;Camara de Seguridad en Av. Infanta Isabel y Av. Iraola;316
2018;Plazas y parques;Comuna 14;Colocar bebederos en parque tres de Febrero;232
2018;Deportes y calidad de vida;Comuna 11;Actividades recreativas en las distintas plazas del barrio;318
2018;Deportes y calidad de vida;Comuna 14;Cancha de Basket Parque Las Heras;178
2018;Movilidad y tránsito;Comuna 6;Más estaciones de Eco Bici en Caballito;241
2018;Movilidad y tránsito;Comuna 1;Arreglo de vereda en Bartolome Mitre al 1500;118
2018;Movilidad y tránsito;Comuna 12;ECOBICI para las COMUNAS 12 Y 13;511
2018;Seguridad;Comuna 11;Colocar cámaras;431
2018;Movilidad y tránsito;Comuna 9;Puesta en valor avenida Lacarra;461
2018;Movilidad y tránsito;Comuna 12;camaras;221
2018;Movilidad y tránsito;Comuna 12;Semáforo en Olazabal y Donado Urgente;391
2018;Seguridad;Comuna 9;camaras de seguridad;307
2018;Innovación;Comuna 4;Red Wi-Fi;234
2018;Movilidad y tránsito;Comuna 5;Reparacion de vereda en Mitre y Bulnes;97
2018;Seguridad;Comuna 15;Seguridad;353
2018;Plazas y parques;Comuna 1;Plaza para niños! No para perros..;124
2018;Deportes y calidad de vida;Comuna 9;RESTAURAR PISTA DE ATLETISMO PARQUE AVELLANEDA;817
2018;Movilidad y tránsito;Comuna 6;Rampas inclusivas;144
2018;Seguridad;Comuna 3;Recoleta Segura;351
2018;Movilidad y tránsito;Comuna 9;Semaforo en Av. Bilbao Y Pergamino;575
2018;Ferias y Mercados;Comuna 5;Puesta en valor / Centro comercial de Almagro;184
2018;Seguridad;Comuna 2;camaras de seguridad;203
2018;Movilidad y tránsito;Comuna 3;Eco Bici Nueva;240
2018;Arte urbano;Comuna 8;pintemos Lugano!;221
2018;Seguridad;Comuna 6;Seguridad;679
2018;Movilidad y tránsito;Comuna 3;Reparación de vereda en Jean Jaures al 700;45
2018;Seguridad;Comuna 7;Cámaras de seguridad en Flores;502
2018;Mascotas;Comuna 8;canil en plaza Sudamerica;74
2018;Seguridad;Comuna 13;Camaras de Seguridad.;606
2018;Movilidad y tránsito;Comuna 15;iluminacion;292
2018;Seguridad;Comuna 2;Seguridad;193
2018;Seguridad;Comuna 4;Seguridad;370
2018;Seguridad;Comuna 4;Más cámaras de seguridad en el barrio de Parque Patricios.;379
2018;Seguridad;Comuna 7;camaras de seguridad;423
2018;Seguridad;Comuna 4;camaras de seguridad;320
2018;Seguridad;Comuna 12;seguridad;299
2018;Seguridad;Comuna 1;Mas seguridad;238
2018;Movilidad y tránsito;Comuna 3;Reparación de vereda en Anchorena y San luis;25
2018;Plazas y parques;Comuna 2;veredas;106
2018;Movilidad y tránsito;Comuna 6;Movilidad y Transito;231
2018;Movilidad y tránsito;Comuna 1;Puesta en valor de la zona teatro san martin;167
2018;Seguridad;Comuna 14;Seguridad;502
2018;Movilidad y tránsito;Comuna 12;Transito;173
2018;Cultura;Comuna 10;Conocer a que se debe el nombre de las calles y avenidas;174
2018;Movilidad y tránsito;Toda la ciudad;Liberar mas estacionamiento y cajones de carga y descarga en la vía publica;396
2018;Seguridad;Comuna 9;CAMARAS DE SEGURIDAD;341
2018;Seguridad;Comuna 12;Seguridad.;277
2018;Seguridad;Comuna 9;Cámaras de seguridad en liniers zona de colectora;293
2018;Seguridad;Comuna 10;Seguridad;414
2018;Movilidad y tránsito;Comuna 8;Arreglo de vereda;41
2018;Seguridad;Comuna 2;Seguridad;215
2018;Deportes y calidad de vida;Comuna 13;Deporte;241
2018;Seguridad;Comuna 2;Camaras de Seguridad.;251
2018;Seguridad;Comuna 14;Instalación de cámara de seguridad en intersección;361
2018;Movilidad y tránsito;Comuna 11;REPARACION DE VEREDA.;166
2018;Ferias y Mercados;Comuna 3;Ampliar panaderias de ferias barriales;172
2018;Movilidad y tránsito;Comuna 12;movilidad y transito;221
2018;Seguridad;Comuna 8;seguridad e iluminacion;271
2018;Deportes y calidad de vida;Comuna 6;Plazas y parques;281
2018;Plazas y parques;Comuna 1;Remodelación Plazoleta Juan Carlos Castagnino;106
2018;Movilidad y tránsito;Comuna 11;Puesta en valor de las verdas de villa del parque;154
2018;Seguridad;Comuna 1;Mas seguridad en constitucion!;262
2018;Movilidad y tránsito;Comuna 14;mejoramiento del transito;310
2018;Plazas y parques;Comuna 14;PLAZA MIGUEL ABUELO;171
2018;Seguridad;Comuna 4;Camaras de seguridad;334
2018;Movilidad y tránsito;Comuna 6;Puesta en Valor de av rivadavia;166
2018;Movilidad y tránsito;Comuna 11;Colocación de parada;96
2018;Movilidad y tránsito;Comuna 2;veredas;109
2018;Movilidad y tránsito;Comuna 7;Semaforo con sensor para no videntes;426
2018;Deportes y calidad de vida;Comuna 14;plazas y parques;200
2018;Deportes y calidad de vida;Comuna 5;Actividades para adultos mayores y para jóvenes;430
2018;Movilidad y tránsito;Comuna 1;arreglo de veredas;173
2018;Movilidad y tránsito;Comuna 10;Arreglar veredas;233
2018;Seguridad;Comuna 2;Mayor Seguridad;259
2018;Movilidad y tránsito;Comuna 6;Innovación;168
2018;Seguridad;Comuna 8;Camara de Seguridad;170
2018;Movilidad y tránsito;Comuna 14;iluminacion;467
2018;Seguridad;Comuna 13;CAMARAS DE SEGURIDAD;418
2018;Cultura;Comuna 7;Cursos de artesania para chicos discapacitados;293
2018;Seguridad;Comuna 1;Cámaras de Seguridad en Microcentro;305
2018;Plazas y parques;Comuna 6;Iluminacion solar en parque centenario;397
2018;Seguridad;Comuna 10;Cámaras de seguridad en Monte Castro;325
2018;Cultura;Comuna 7;Promocion;259
2018;Movilidad y tránsito;Comuna 14;Veredas;367
2018;Seguridad;Comuna 7;camaras de seguridad;399
2018;Movilidad y tránsito;Comuna 15;mantenimiento de veredas;153
2018;Movilidad y tránsito;Comuna 4;Veredas;110
2018;Seguridad;Comuna 15;Camara de seguridad;396
2018;Plazas y parques;Comuna 7;Maquinas de ejercicio en plaza angel gris;210
2018;Seguridad;Comuna 5;Más cámaras de seguridad en el barrio de Boedo.;450
2018;Movilidad y tránsito;Comuna 5;Bicisendas;225
2018;Mascotas;Comuna 14;Bolsas para perros;273
2018;Movilidad y tránsito;Comuna 11;Rampa;93
2018;Movilidad y tránsito;Comuna 13;estación ecobici en belgrano;374
2018;Seguridad;Comuna 11;Seguridad;369
2018;Movilidad y tránsito;Comuna 2;mas luminaria para la universidad de derechos UBA en recoleta;241
2018;Movilidad y tránsito;Toda la ciudad;Grupo de agentes de tránsito en ciclovías;499
2018;Mascotas;Comuna 10;Canil recreativo para mascotas;102
2018;Movilidad y tránsito;Comuna 7;Senda peatonal en acceso a Rotonda Virreyes, lado Quirno;205
2018;Movilidad y tránsito;Comuna 15;paso peatonal sobre tunel Ceratti;151
2018;Seguridad;Comuna 2;camaras de seguridad;212
2018;Seguridad;Comuna 13;Cámara de Seguridad;351
2018;Seguridad;Comuna 1;camaras de seguridad;241
2018;Seguridad;Comuna 4;INSTALAR CÁMARAS DE SEGURIDAD;480
2018;Plazas y parques;Comuna 12;INSTALACION DE CAMARAS DE SEGURIDAD EN TODAS LAS PLAZAS DE LA COMUNAS 12;558
2018;Movilidad y tránsito;Comuna 13;movilidad y transito;225
2018;Seguridad;Comuna 12;INSTALACION DE CAMARAS DE SEGURIDAS EN LA PLAZA LEANDRO N. ALEN ZAMUDIO 5600 ESQ;179
2018;Seguridad;Comuna 3;mejorar la seguridad del barrio;241
2018;Plazas y parques;Comuna 12;INSTALACION DE WIFI LIBRE Y GRATUITO EN LA PLAZA LEANDRO N. ALEN ZAMUDIO 5600;145
2018;Movilidad y tránsito;Comuna 6;Extender red de estaciones Ecobici en Caballito;258
2018;Movilidad y tránsito;Comuna 6;Semáforo con giro libre al puente de Ferro + arreglar cuneta;348
2018;Seguridad;Comuna 11;Pedido de camaras;226
2018;Seguridad;Comuna 3;Seguridad;260
2018;Movilidad y tránsito;Comuna 3;mantenimiento;49
2018;Seguridad;Comuna 3;Seguridad;184
2018;Movilidad y tránsito;Comuna 15;Reducir demoras en el cruce de Avda San Martin y Chorroarin;169
2018;Movilidad y tránsito;Comuna 12;INSTALACION DE PARADAS DE COLECTIVOS Y REFUGIOS LA SACARON Y NO SE REPUSO;298
2018;Seguridad;Comuna 9;SeguridAD;302
2018;Plazas y parques;Comuna 10;mesas y caniles;103
2018;Cultura;Comuna 6;Construir una parada para el Tramway Histórico de Buenos Aires;415
2018;Movilidad y tránsito;Comuna 15;Seguridad facultad de agronomia;365
2018;Seguridad;Comuna 15;CAMARAS DE SEGURIDAD;235
2018;Seguridad;Comuna 12;Camaras de seguridad 24 hrs;234
2018;Movilidad y tránsito;Comuna 13;Arreglo de veredas en Belgrano!;230
2018;Movilidad y tránsito;Comuna 1;Arreglo de veredas;109
2018;Seguridad;Comuna 12;Camaras de seguridad 24 hrs;293
2018;Seguridad;Comuna 11;Más cámaras de seguridad en el barrio de Villa Devoto.;348
2018;Seguridad;Comuna 2;camaras de seguridad en recoleta;218
2018;Seguridad;Comuna 2;Más seguridad;219
2018;Movilidad y tránsito;Comuna 4;Veredas;90
2018;Movilidad y tránsito;Comuna 1;Control de taxis en la estación retiro;184
2018;Seguridad;Comuna 10;Seguridad en Velez Sarsfield;266
2018;Reciclado;Toda la ciudad;Derroche de agua;812
2018;Seguridad;Comuna 8;Más cámaras de seguridad en el barrio de Villa Riachuelo.;171
2018;Seguridad;Comuna 7;CAMARAS DE SEGURIDAD;296
2018;Mascotas;Comuna 8;Caniles en Villa Lugano;117
2018;Movilidad y tránsito;Comuna 2;veredas;113
2018;Seguridad;Comuna 1;Cámaras de seguridad e iluminación en San Telmo;333
2018;Seguridad;Comuna 10;Cámaras de seguridad;277
2018;Movilidad y tránsito;Comuna 9;Larraya 2500;102
2018;Movilidad y tránsito;Comuna 10;Colocar una senda peatonal en Arregui y Bermudez;175
2018;Movilidad y tránsito;Comuna 9;Colocar baldosas en las veredas, en Oliden entre Ramon Falcon y av Rivadavia;131
2018;Movilidad y tránsito;Comuna 13;Reparacion de veredas rotas en Belgrano!;223
2018;Movilidad y tránsito;Comuna 13;Arreglo de veredas rotas en Av. Cabildo.;316
2018;Movilidad y tránsito;Comuna 1;Arreglo de veredas en Esmeralda y Santa Fe;76
2018;Movilidad y tránsito;Comuna 15;Puesta en valor de veredas en Gurruchaga y Jufre;90
2018;Mascotas;Toda la ciudad;Promover la publicidad y difusion de las jornadas de adopcion de mascotas;751
2018;Deportes y calidad de vida;Comuna 12;Realizacion de clases de yoga en el parque Saavedra;229
2018;Deportes y calidad de vida;Comuna 6;Extender el horario de actividades de gimnasia en el Parque Centenario;212
2018;Seguridad;Comuna 7;Camaras de seguridad en y alrededores del parque chacabuco;488
2018;Movilidad y tránsito;Comuna 12;Arreglar vereda;99
2018;Seguridad;Comuna 8;seguridad;207
2018;Movilidad y tránsito;Comuna 5;Recambio o mejoras de las veredas;109
2018;Seguridad;Comuna 5;Pedido de Cámara;315
2018;Movilidad y tránsito;Comuna 8;MEJORAR ILUMINACIÓN.;184
2018;Seguridad;Comuna 10;camaras de seguridad;322
2018;Educación;Toda la ciudad;Residuos organicos en escuelas;796
2018;Seguridad;Comuna 3;Mas seguridad;226
2018;Plazas y parques;Comuna 7;restauracion de la plaza;137
2018;Mascotas;Comuna 3;Bebedores de agua para las mascotas en la Pza. Dr. J. M. Velasco Ibarra.;117
2018;Seguridad;Comuna 9;camaras de seguridad;233
2018;Seguridad;Comuna 15;Cámaras de seguridad en Agronomía;318
2018;Movilidad y tránsito;Comuna 3;Reparacion de Vereda en Jean Jaures;51
2018;Ferias y Mercados;Comuna 8;Feria Sudamérica;122
2018;Seguridad;Comuna 12;camaras de seguridad;167
2018;Deportes y calidad de vida;Comuna 12;Maquinas de ejercicios;265
2018;Movilidad y tránsito;Comuna 5;Semáforo;349
2018;Seguridad;Comuna 3;Colocar cámaras de seguridad;198
2018;Ferias y Mercados;Comuna 8;FERIAS DE LA CIUDAD EN PLAZA SKANDERBERG( ex de los Milagros);95
2018;Plazas y parques;Comuna 3;Puesta en valor de la Plaza Fumarola;165
2018;Movilidad y tránsito;Comuna 4;Rampa para reemplazar escalera , bajada de cordon y senda peatonal.;123
2018;Mascotas;Comuna 4;CANILES PARA LAS PLAZAS;119
2018;Seguridad;Comuna 8;Camaras de seguridad;204
2018;Seguridad;Comuna 8;camaras de seguridad;174
2018;Seguridad;Comuna 8;canaras de seguridad;187
2018;Plazas y parques;Comuna 7;Bebedores de agua en la Pza. de la Misericordia.;200
2018;Seguridad;Comuna 8;SI NOS VEN NOS CUIDAN;241
2018;Seguridad;Comuna 3;Camara de seguridad;171
2018;Plazas y parques;Comuna 7;Reparación de la entrada de la Plaza Misericordia;116
2018;Plazas y parques;Comuna 7;Arboles nuevos;216
2018;Mascotas;Comuna 3;Estaciones de higiene pública;184
2018;Mascotas;Comuna 7;Caniles: Modificación del piso y agregar juegos para perros;215
2018;Seguridad;Comuna 4;Cámara de seguridad;311
2018;Mascotas;Comuna 12;Caniles en el Parque Saavedra;175
2018;Mascotas;Comuna 10;Carteles para los dueños de mascotas;114
2018;Seguridad;Comuna 9;Camaras de Seguridad;378
2018;Ferias y Mercados;Comuna 13;Ferias con productos organicos;494
2018;Movilidad y tránsito;Comuna 9;garitas de colectivo;374
2018;Plazas y parques;Comuna 14;Iluminacion;349
2018;Plazas y parques;Comuna 4;Wifi en la plaza Malvinas;133
2018;Seguridad;Comuna 14;CAMARAS DE SEGURIDAD;487
2018;Seguridad;Comuna 10;camaras de seguridad;186
2018;Seguridad;Comuna 10;CAMARAS DE SEGURIDAD;380
2018;Movilidad y tránsito;Comuna 1;Zona teatro San Martín;72
2018;Movilidad y tránsito;Comuna 9;Refugio para parada de colectivos;316
2018;Seguridad;Comuna 6;Cámaras de seguridad;613
2018;Seguridad;Comuna 12;Camaras de seguridad;321
2018;Movilidad y tránsito;Comuna 6;Senda peatonal de cruce;214
2018;Seguridad;Comuna 13;Cámaras de seguridad en Belgrano;405
2018;Seguridad;Comuna 1;camaras de seguridad;192
2018;Seguridad;Comuna 2;Camaras de seguridad 24 hrs;306
2018;Seguridad;Comuna 11;camaras de seguridad;273
2018;Movilidad y tránsito;Comuna 11;Refugios;185
2018;Plazas y parques;Comuna 9;Bebederos en el parque avellaneda;452
2018;Reciclado;Toda la ciudad;Campaña de concientizacion;721
2018;Movilidad y tránsito;Comuna 3;Veredas nuevas;59
2018;Seguridad;Comuna 4;seguridad barracas;374
2018;Seguridad;Comuna 1;Seguridad.;209
2018;Seguridad;Comuna 1;Camaras de seguridad;201
2018;Plazas y parques;Comuna 15;bebederos en la plaza de gamarra;144
2018;Movilidad y tránsito;Toda la ciudad;Senda peatonal y Ceda el paso;692
2018;Movilidad y tránsito;Comuna 4;Arreglo de veredas barrio la boca;141
2018;Seguridad;Comuna 4;Camaras de seguridad. La boca;383
2018;Plazas y parques;Comuna 8;Plazas y luminarias Barrio Copello;188
2018;Movilidad y tránsito;Comuna 14;Reparacion de veredas en Palermo;186
2018;Deportes y calidad de vida;Comuna 7;Ampliación de actividades deportivas en el Parque Chacabuco;347
2018;Reciclado;Toda la ciudad;contaminacion sonora;588
2018;Movilidad y tránsito;Comuna 13;Mas puestos de bicicletas en Belgrano;390
2018;Seguridad;Comuna 3;Mas seguridad;212
2018;Movilidad y tránsito;Comuna 12;CARTEL DE GIRO Barzana y Olazabal;190
2018;Movilidad y tránsito;Comuna 5;iluminacion ,seguridad y recontruccion de veredas.;158
2018;Seguridad;Comuna 11;seguridad;457
2018;Movilidad y tránsito;Comuna 15;Arreglar vereda;101
2018;Movilidad y tránsito;Comuna 3;Refugios de colectivos en paradas cercanas a colegios en la Comuna 10;375
2018;Movilidad y tránsito;Comuna 10;Refugio de parada de colectivos en Bermúdez y Arregui;130
2018;Movilidad y tránsito;Comuna 12;Estación de Ecobicis en Parque Saavedra;332
2018;Plazas y parques;Comuna 12;Deporte en parque saavedra;151
2018;Movilidad y tránsito;Comuna 3;Incorporar pases peatonales;91
2018;Movilidad y tránsito;Comuna 12;Giros a la izquierda sobre Av. Balbín aprovechando manzanas triangulares;215
2018;Seguridad;Comuna 2;camaras de seguridad;214
2018;Innovación;Comuna 7;Renovar parada de colectivo;197
2018;Movilidad y tránsito;Comuna 15;Tránsito;210
2018;Seguridad;Comuna 11;CAMARAS DE SEGURIDAD;346
2018;Movilidad y tránsito;Comuna 15;Arreglo de veredas;88
2018;Movilidad y tránsito;Comuna 4;arregló de verdedas rondo y la rioja;127
2018;Seguridad;Comuna 15;Más cámaras de seguridad en Villa Ortúzar;237
2018;Seguridad;Comuna 10;CAMARAS DE SEGURIDAD;219
2018;Seguridad;Comuna 2;camaras;176
2018;Seguridad;Comuna 2;seguridad;202
2018;Movilidad y tránsito;Toda la ciudad;Es una propuesta para todos, gobernantes y nosotros, campaña para Hacer Respetar;545
2018;Innovación;Comuna 10;que incluyan Wi Fi en Plaza Las Toscaneras.;104
2018;Mascotas;Comuna 11;Bolsas para residuos de mascotas;255
2018;Seguridad;Comuna 12;camaras de seguridad;181
2018;Movilidad y tránsito;Comuna 6;Estacion de Ecobici en Plaza Irlanda;198
2018;Deportes y calidad de vida;Comuna 14;Parque Las Heras;312
2018;Seguridad;Comuna 9;camaras de seguridad;216
2018;Movilidad y tránsito;Comuna 6;resolver los problemas de las calles;258
2018;Seguridad;Comuna 9;Seguridad (Mataderos);128
2018;Seguridad;Comuna 9;Seguridad (Mataderos);242
2018;Movilidad y tránsito;Comuna 8;Sendas Peatonles;177
2018;Movilidad y tránsito;Comuna 5;Sendas peatonales;146
2018;Seguridad;Comuna 10;Seguridad;301
2018;Seguridad;Comuna 6;Camaras de seguridad 24 hrs;246
2018;Plazas y parques;Comuna 7;Mejoramiento de la plaza misericordia;191
2018;Plazas y parques;Comuna 7;Mejoramiento de la plaza misericordia;156
2018;Movilidad y tránsito;Comuna 5;Seguridad, colocación semáforo, reja protectora en Esc. 16 D.E 8 Dr.Ramos Mejia;331
2018;Mascotas;Comuna 15;Canil;110
2018;Deportes y calidad de vida;Toda la ciudad;Gimnasia gratuita;805
2018;Plazas y parques;Comuna 14;Iluminacion en los bosques de palermo;425
2018;Plazas y parques;Comuna 4;Construccion de canil;85
2018;Movilidad y tránsito;Comuna 4;Reparar Veredas;69
2018;Movilidad y tránsito;Comuna 14;Mejora de veredas en Palermo;275
2018;Seguridad;Toda la ciudad;camaras de seguridad;1058
2018;Seguridad;Comuna 14;Mas seguridad;326
2018;Seguridad;Comuna 7;Camaras de seguridad en el metrobus de Flores;517
2018;Seguridad;Comuna 14;Cámaras de seguridad;522
2018;Plazas y parques;Comuna 2;Refuerzo de iluminación;236
2018;Movilidad y tránsito;Comuna 4;Alisar piso en el patio de folclore.;68
2018;Seguridad;Comuna 5;CAMARAS DE SEGURIDAD;375
2018;Seguridad;Comuna 7;Camaras de seguridad en plaza flores;529
2018;Seguridad;Comuna 12;Seguridad;200
2018;Plazas y parques;Comuna 6;canillas en plazas;145
2018;Seguridad;Comuna 2;Camaras de Seguridad.;197
2018;Movilidad y tránsito;Comuna 7;Estación EcoBici Flores;356
2018;Seguridad;Comuna 10;Seguridad;304
2018;Seguridad;Comuna 13;Mas seguridad;343
2018;Seguridad;Comuna 15;camaras de seguridad en Paternal;241
2018;Movilidad y tránsito;Comuna 6;Estaciones de ecobici en Plaza Irlanda y en Plaza 24 de Septiembre;200
2018;Seguridad;Comuna 3;Camaras de seguridad;173
2018;Seguridad;Comuna 10;Cámaras de seguridad;250
2018;Seguridad;Comuna 8;Camara;198
2018;Seguridad;Comuna 8;Cámara en Parque Indoamericano;182
2018;Movilidad y tránsito;Toda la ciudad;Mas respeto al peatón;745
2018;Seguridad;Comuna 14;Camara;151
2018;Movilidad y tránsito;Comuna 4;Senda peatonal lisa para cruzar calles con empedrado.;189
2018;Movilidad y tránsito;Comuna 3;Senda Peatonal cercanía Escuela;139
2018;Seguridad;Comuna 10;Camaras de Seguridad.;190
2018;Movilidad y tránsito;Comuna 11;Reparación de veredas;73
2018;Cultura;Comuna 8;Tomá 1 libro, dejá 1 libro;146
2018;Seguridad;Comuna 14;camaras de seguridad;449
2018;Movilidad y tránsito;Comuna 4;Luneta en calle contramano.;72
2018;Movilidad y tránsito;Comuna 4;Mejorar la seguridad vial en Iriarte e Iguazú;146
2018;Seguridad;Comuna 12;seguridad en el barrio;349
2018;Movilidad y tránsito;Comuna 11;arrelgos de veredas;85
2018;Reciclado;Toda la ciudad;Huertas comunitarias;490
2018;Movilidad y tránsito;Comuna 6;puesta en valor esq acoyte y rivadavia;190
2018;Movilidad y tránsito;Comuna 15;Arreglo de veredas;118
2018;Plazas y parques;Comuna 7;Puestos de hidratacion;299
2018;Seguridad;Comuna 13;Camaras de seguridad;310
2018;Seguridad;Comuna 14;iluminacion;590
2018;Ferias y Mercados;Comuna 13;Mas ferias itinerantes en Belgrano.;398
2018;Movilidad y tránsito;Comuna 8;Vereda rota;25
2018;Mascotas;Comuna 14;"Dispensador de bolsas y señal ""Recoge la caca de tu perro""";307
2018;Movilidad y tránsito;Comuna 10;Estaciones de Eco-bici.;307
2018;Plazas y parques;Comuna 10;Mejoramiento de la plaza banf;148
2018;Seguridad;Comuna 14;Colocación de cámaras de seguridad;434
2018;Movilidad y tránsito;Comuna 1;veredas;88
2018;Movilidad y tránsito;Comuna 15;reconstruccion de veredas en villa crespo;125
2018;Seguridad;Comuna 11;seguridad;236
2018;Deportes y calidad de vida;Comuna 7;Maquinás para hacer ejercicio en Lautaro;108
2018;Innovación;Comuna 7;Torre de WiFi en Parque Chacabuco;264
2018;Plazas y parques;Comuna 7;Cestos Plaza Angel Cris;185
2018;Cultura;Comuna 7;Anfiteatro Medalla Milagrosa;267
2018;Cultura;Toda la ciudad;Bibliotecas con libros electrónicos ! Ebooks!;494
2018;Innovación;Comuna 8;wifi gratis;111
2018;Deportes y calidad de vida;Comuna 7;actividades saludables;377
2018;Seguridad;Comuna 3;Cámaras de seguridad;181
2018;Movilidad y tránsito;Comuna 10;Iluminacion;271
2018;Movilidad y tránsito;Comuna 13;Semáforo con reloj;429
2018;Seguridad;Comuna 8;Seguridad en Villa Lugano;301
2018;Seguridad;Comuna 7;Cámaras de seguridad;410
2018;Seguridad;Comuna 3;mas seguridad en el barrio balbanera;153
2018;Seguridad;Comuna 4;Aumento de seguridad;345
2018;Seguridad;Comuna 8;mayor seguridad en la comuna 8;264
2018;Seguridad;Comuna 12;Camaras de seguridad 24 hrs;270
2018;Movilidad y tránsito;Comuna 10;Renovemos nuestras Veredas;54
2018;Ferias y Mercados;Comuna 7;Feria en flores sur.;201
2018;Deportes y calidad de vida;Comuna 7;Posta aeróbica;140
2018;Plazas y parques;Comuna 13;Plazoleta Santa María de los Buenos Ayres;182
2018;Plazas y parques;Comuna 11;Puesta en valor de la Plazoleta Monseñor Hermenegildo Fazio;138
2018;Seguridad;Comuna 12;Camaras de seguridad en Villa Urquiza;439
2018;Seguridad;Comuna 10;Mas seguridad;358
2018;Seguridad;Comuna 11;SEGURIDAD EN VILLA DEL PARQUE;289
2018;Seguridad;Comuna 9;Camaras de seguridad;439
2018;Seguridad;Comuna 12;Mas seguridad en el barrio de Saavedra;290
2018;Seguridad;Comuna 13;Cámaras de seguridad en Nuñez;340
2018;Movilidad y tránsito;Comuna 2;Mejora de las veredas de RECOLETA;167
2018;Seguridad;Comuna 8;Camaras de seguridad Villa Soldati;182
2018;Seguridad;Comuna 3;Seguridad;188
2018;Movilidad y tránsito;Comuna 10;Arreglo de veredas en victor Hugo al 600;53
2018;Deportes y calidad de vida;Comuna 11;Mas actividades en las plazas;231
2018;Seguridad;Comuna 13;CUIDEMOS ALOS ALUNMOS ADOLECENTES;418
2018;Seguridad;Comuna 7;SEGURIDAD EN FLORES;535
2018;Innovación;Comuna 8;torre Wi Fi;100
2018;Cultura;Comuna 9;Participación de la Comuna 9 en la Noche de los Museos.;151
2018;Plazas y parques;Comuna 10;Participación de la Comuna 9 en la Noche de los Museos.;46
2018;Educación;Toda la ciudad;Generación de contenido digital d calidad para educar (ecología, reciclado, etc);586
2018;Movilidad y tránsito;Toda la ciudad;Línea amarilla en las paradas de colectivos.;664
2018;Plazas y parques;Comuna 13;Dispenser de bolsitas en la plaza.;152
2018;Plazas y parques;Comuna 15;Wifi en la Plaza General Benito Nazar;86
2018;Movilidad y tránsito;Comuna 15;Mejorar las paradas de colectivos de la Plaza General Benito Nazar;137
2018;Plazas y parques;Comuna 15;Clocacion de caja con bolsas para los Canes en la Plaza General Benito Nazar;121
2018;Seguridad;Comuna 13;camaras de seguridad;276
2018;Seguridad;Comuna 13;seguridad;383
2018;Plazas y parques;Comuna 10;Poner mas juegos;119
2018;Seguridad;Comuna 1;Camaras de seguridad en Constitucion;229
2018;Movilidad y tránsito;Comuna 10;Estaciones de ECOBICICLETAS en Floresta.;240
2018;Movilidad y tránsito;Comuna 10;Luminarias;358
2018;Movilidad y tránsito;Comuna 4;Arreglo de veredas en Parque patricio;123
2018;Seguridad;Comuna 9;Mas seguridad;224
2018;Seguridad;Comuna 6;camara de seguridad;438
2018;Seguridad;Comuna 6;Mayor vigilancia;584
2018;Seguridad;Comuna 9;Cameras de seguridad;228
2018;Movilidad y tránsito;Comuna 2;Renovación completa de veredas en Recoleta;113
2018;Movilidad y tránsito;Comuna 12;Que se haga la luz;306
2018;Movilidad y tránsito;Comuna 1;Mas Seguridad;262
2018;Movilidad y tránsito;Comuna 2;Educación;158
2018;Seguridad;Comuna 4;Iluminación , Camaras de seguridad;513
2018;Plazas y parques;Comuna 12;Iluminación en el Parque Saavedra.;364
2018;Seguridad;Comuna 2;Camaras de seguridad;187
2018;Seguridad;Comuna 15;Mas camaras de seguridad y vigilancia;334
2018;Seguridad;Comuna 3;Camaras de seguridad 24 hrs;299
2018;Seguridad;Comuna 15;camaras de seguridad;304
2018;Mascotas;Comuna 8;podrian poner un canil en el Barrio Nagera, hay muchos animalitos;89
2018;Seguridad;Comuna 9;seguridad para cruzar el puente que cruza la autopista ubicado en la calle monte;308
2018;Seguridad;Comuna 11;Cámara de seguridad domo;258
2018;Movilidad y tránsito;Comuna 6;Reparacion de Veredas;111
2018;Seguridad;Comuna 6;Camaras de seguridad en el barrio de Balvanera;207
2018;Seguridad;Comuna 13;Cámaras de seguridad en Belgrano;442
2018;Seguridad;Comuna 12;Camaras de seguridad 24 hrs;233
2018;Seguridad;Comuna 11;Camaras de seguridad;239
2018;Seguridad;Comuna 3;Camara de seguridad;186
2018;Seguridad;Comuna 8;camaras de seguridad;167
2018;Seguridad;Comuna 11;Camaras de seguridad;294
2018;Seguridad;Comuna 7;Seguridad;571
2018;Seguridad;Comuna 12;Cámaras de seguridad;214
2018;Seguridad;Comuna 9;Camaras de seguridad en zonas de riesgo en Liniers;339
2018;Plazas y parques;Comuna 12;Wifi para parque saavedra;247
2018;Movilidad y tránsito;Comuna 4;Arreglo de calles y veredas;85
2018;Seguridad;Comuna 3;Camaras de seguridad en Balvanera;215
2018;Seguridad;Comuna 13;Camaras de seguridad;321
2018;Seguridad;Comuna 1;Cámaras de seguridad;179
2018;Seguridad;Comuna 1;camaars de seguridad en el barrio de Constitución;176
2018;Seguridad;Comuna 1;Cámaras de seguridad en Montserrat;278
2018;Movilidad y tránsito;Comuna 10;Iluminacion;294
2018;Seguridad;Comuna 10;CÁMARAS DE SEGURIDAD EN FLORESTA;266
2018;Movilidad y tránsito;Comuna 3;Puesta en valor de Sarandi;61
2018;Movilidad y tránsito;Comuna 13;que los ciclistas no anden en contramano x calles y avenidas;205
2018;Movilidad y tránsito;Comuna 12;Hacen falta estaciones de EcoBici hacia Belgrano, Villa Urquiza, etc hay ciclovi;356
2018;Seguridad;Comuna 10;Camaras de seguridad para el barrio de Versalles;239
2018;Seguridad;Comuna 15;Cámara de Seguridad en Jonte entre Cucha Cucha y Añasco.;154
2018;Seguridad;Comuna 11;Cámaras en Condarco;169
2018;Arte urbano;Comuna 11;soy muralista y quisiera mejorar los espacios pintando murales;264
2018;Mascotas;Comuna 2;Aparato que contenga bolsas de arranque;129
2018;Arte urbano;Comuna 1;Murales en la Plaza Monserrat;130
2018;Seguridad;Comuna 1;Seguridad;209
2018;Seguridad;Comuna 15;Cámaras de seguridad en Chacarita;268
2018;Ferias y Mercados;Toda la ciudad;FERIAS ORGANICAS;846
2018;Movilidad y tránsito;Comuna 11;Arreglar;274
2018;Innovación;Comuna 4;Punto WIFI;116
2018;Educación;Toda la ciudad;Programa +verde;367
2018;Movilidad y tránsito;Comuna 1;Mantenimiento de rampa;103
2018;Seguridad;Comuna 12;Camaras para la Plaza;229
2018;Seguridad;Comuna 8;Seguridad;147
2018;Plazas y parques;Comuna 11;Juegos y seguridad para Plaza Pappo;137
2018;Movilidad y tránsito;Comuna 7;Base en plazas de flores de ECOBICI;291
2018;Ferias y Mercados;Comuna 2;Mercado con productos orgánicos en la Plaza Vicente López;216
2018;Educación;Toda la ciudad;Huertas en escuelas;852
2018;Educación;Toda la ciudad;Concientización en las escuelas sobre el medio ambiente y cuidado animal;765
2018;Movilidad y tránsito;Comuna 1;Semáforo para ciegos en la Estación Constitución;245
2018;Seguridad;Comuna 9;camaras de seguridad;208
2018;Seguridad;Comuna 11;Cámara de seguridad - Camarones y Condarco;197
2018;Educación;Toda la ciudad;HUERTAS Y/O TERRAZAS VERDES Y/O HIDROPONIA EN LAS ESCUELAS;801
2018;Plazas y parques;Comuna 4;Canil y mejoramiento espacio verde frente al H. Garrahan;246
2018;Plazas y parques;Comuna 7;BOULEVARD CARABOBO Y PASEO CULTURAL/GASTRONOMICO.;159
2019;Cultura;Toda la ciudad;Museos aptos para ciegos;214
2019;Educación;Toda la ciudad;Acercar la energía solar a las escuelas desde lo práctico en talleres;262
2019;Movilidad y tránsito;Toda la ciudad;Mejoramiento de las paradas de colectivos;353
2019;Educación;Toda la ciudad;Educacion vial;271
2019;Educación;Toda la ciudad;Generadores eolicos o de energia solar;413
2019;Deportes y calidad de vida;Toda la ciudad;actividades para mayores;309
2019;Reciclado;Toda la ciudad;Campañas de higiene;328
2019;Educación;Toda la ciudad;reciclado;329
2019;Ferias y Mercados;Toda la ciudad;Ferias;212
2019;Ferias y Mercados;Toda la ciudad;Extender el horario de las Ferias Itinerante;211
2019;Ferias y Mercados;Toda la ciudad;FERIAS;221
2019;Cultura;Toda la ciudad;Bibliotecas públicas abiertas;250
2019;Innovación;Toda la ciudad;METROBUS RENOVABLE;270
2019;Educación;Toda la ciudad;talleres;309
2019;Movilidad y tránsito;Comuna 1;iluminacion;131
2019;Seguridad;Comuna 1;Seguridad Constante;169
2019;seguridad;Comuna 1;Seguridad;134
2019;Plazas y parques;Comuna 1;iluminar la plaza congreso;106
2019;Innovación;Comuna 1;Cargadores para celular;153
2019;Seguridad;Comuna 1;Cámaras de seguridad en comuna 1;182
2019;Seguridad;Comuna 2;Recoleta segura;152
2019;Cultura;Comuna 2;Zona de lectura en Plaza Mitre;112
2019;Movilidad y tránsito;Comuna 2;SEÑALIZACIÓN DE PARADAS DE COLECTIVOS EN AVENIDA PUEYRREDÓN;116
2019;Movilidad y tránsito;Comuna 3;Semaforo Petaonal;125
2019;Movilidad y tránsito;Comuna 3;Semaforo;132
2019;Innovación;Comuna 3;limpieza;149
2019;Seguridad;Comuna 3;comuna 3 segura;176
2019;Seguridad;Comuna 3;cámaras de seguridad en balvanera;174
2019;Movilidad y tránsito;Comuna 4;Semáforo;104
2019;Plazas y parques;Comuna 4;Canchita;117
2019;Seguridad;Comuna 4;Seguridad;135
2019;Movilidad y tránsito;Comuna 4;Poner asientos en paradas de colectivos del hospital Argerich;102
2019;Mascotas;Comuna 4;Parque para mascotas;122
2019;Seguridad;Comuna 4;Seguridad;196
2019;Movilidad y tránsito;Comuna 5;Biblioteca pública;120
2019;reciclado;Comuna 5;Campaña de Concientización.;110
2019;Seguridad;Comuna 5;Seguridad;125
2019;Seguridad;Comuna 5;Camaras de seguridad;169
2019;Educación;Comuna 5;Huertas en colegios;114
2019;Movilidad y tránsito;Comuna 5;Semaforo peatonal;102
2019;Seguridad;Comuna 6;Seguridad en Caballito;227
2019;Movilidad y tránsito;Comuna 6;Instalación de semáforos;127
2019;Deportes y calidad de vida;Comuna 6;Corredor Aerobico Parque Centenario;275
2019;Seguridad;Comuna 7;MAS CÁMARAS DE SEGURIDAD EN FLORES;168
2019;Seguridad;Comuna 7;Camaras de seguridad en Parque Chacabuco;117
2019;Deportes y calidad de vida;Comuna 7;Corredor Aeróbico Parque Chacabuco;232
2019;Movilidad y tránsito;Comuna 7;Estacion Medalla Milagrosa;119
2019;Educación;Comuna 7;Puestas en valor en las escuelas;100
2019;Seguridad;Comuna 8;Cámaras de seguridad en comuna 8;179
2019;Innovación;Comuna 8;Punto BA WIFI;126
2019;Plazas y parques;Comuna 8;Asfaltar Plaza Nicolás Granada Inclusiva - Villa Lugano;216
2019;Seguridad;Comuna 8;Seguridad en Lugano;217
2019;Movilidad y tránsito;Comuna 9;paradas de colectivos;108
2019;Seguridad;Comuna 9;camaras de seguridad;139
2019;Plazas y parques;Comuna 9;Renovación del Espacio de juegos en Parque Avellaneda;105
2019;Seguridad;Comuna 10;Cámaras de Seguridad.;129
2019;Seguridad;Comuna 10;Seguridad;146
2019;Seguridad;Comuna 11;Seguridad;129
2019;Seguridad;Comuna 11;camaras;151
2019;Plazas y parques;Comuna 11;Plaza;116
2019;Seguridad;Comuna 12;Camaras de Seguridad;96
2019;Movilidad y tránsito;Comuna 13;Arreglo de veredas y rampas Av Monroe;154
2019;Seguridad;Comuna 13;Camaras de Seguridad;218
2019;Movilidad y tránsito;Comuna 13;Arreglo de veredas;143
2019;Movilidad y tránsito;Comuna 13;Bici sendas;163
2019;Movilidad y tránsito;Comuna 13;Lomas de burro o semaforos en belgrano R;100
2019;Seguridad;Comuna 13;Comuna 13 segura;205
2019;Movilidad y tránsito;Comuna 13;Arreglo barrial;114
2019;Seguridad;Comuna 14;Seguridad;149
2019;Educación;Comuna 14;Huertas en escuelas;149
2019;Cultura;Comuna 15;Basura;110
2019;Movilidad y tránsito;Comuna 15;Señalizacion;104
2019;Seguridad;Comuna 15;Seguridad;159
2019;Seguridad;Comuna 15;Cámaras de seguridad en Comuna 15 Villa Crespo;121

